datetime,BollStatus,open,close,high,low,openInterest,volume,deal,pDown,pUp,dealOpen
2010-05-31 09:00:00+08:06,panzhen,4237.0,4215.0,4257.0,4215.0,1216832.0,12228960,0,4061.7503918094662,4810.249608190534,0
2010-06-01 09:00:00+08:06,panzhen,4201.0,4178.0,4213.0,4173.0,1194980.0,13189890,0,4048.0287241350607,4780.74050663417,0
2010-06-02 09:00:00+08:06,panzhen,4173.0,4185.0,4204.0,4149.0,1199922.0,15812310,0,4039.9815695105267,4746.556892027935,0
2010-06-03 09:00:00+08:06,panzhen,4203.0,4200.0,4215.0,4182.0,1187648.0,11731810,0,4033.2206658115533,4716.548564957678,0
2010-06-04 09:00:00+08:06,panzhen,4170.0,4180.0,4183.0,4162.0,1130706.0,7828000,0,4020.658810097034,4697.725805287581,0
2010-06-07 09:00:00+08:06,kongtou,4059.0,4021.0,4083.0,4008.0,1189516.0,19205490,0,3987.3971129674655,4687.75673318638,0
2010-06-08 09:00:00+08:06,kongtou,4035.0,4061.0,4062.0,4031.0,1108706.0,8623140,0,3970.7748028668866,4660.225197133113,0
2010-06-09 09:00:00+08:06,kongtou,4068.0,4103.0,4109.0,4044.0,1064854.0,8915910,0,3969.6604161629175,4618.108814606313,0
2010-06-10 09:00:00+08:06,kongtou,4089.0,4082.0,4100.0,4068.0,994730.0,7277350,0,3971.4926559104624,4572.353497935692,0
2010-06-11 09:00:00+08:06,kongtou,4098.0,4111.0,4125.0,4095.0,904970.0,5783480,0,3983.176862366163,4520.207753018452,0
2010-06-17 09:00:00+08:06,kongtou,4136.0,4112.0,4147.0,4111.0,979222.0,4687240,0,3988.547094381672,4481.529828695252,0
2010-06-18 09:00:00+08:06,kongtou,4111.0,4088.0,4123.0,4086.0,1048366.0,5997910,0,3996.1714764497688,4439.597754319462,0
2010-06-21 09:00:00+08:06,kongtou,4106.0,4163.0,4173.0,4088.0,1077552.0,11480480,0,4009.4150441721013,4402.046494289438,0
2010-06-22 09:00:00+08:06,kongtou,4130.0,4138.0,4156.0,4128.0,1073596.0,6479350,0,4014.7293938553366,4376.116759990818,0
2010-06-23 09:00:00+08:06,kongtou,4099.0,4080.0,4117.0,4059.0,1022420.0,11861100,0,4016.816925468009,4349.413843762761,0
2010-06-24 09:00:00+08:06,kongtou,4087.0,4101.0,4109.0,4081.0,984610.0,6544310,0,4020.9905967420104,4324.7786340272205,0
2010-06-25 09:00:00+08:06,kongtou,4100.0,4084.0,4101.0,4074.0,966066.0,5353530,0,4013.4005380402077,4324.5225388828685,0
2010-06-28 09:00:00+08:06,kongtou,4102.0,4039.0,4107.0,4028.0,978348.0,10754580,-51.0,4000.003702295462,4324.842451550692,-1
2010-06-29 09:00:00+08:06,kongtou,4022.0,3994.0,4036.0,3980.0,926822.0,9609560,-51.0,3980.7881459119217,4326.442623318848,-1
2010-06-30 09:00:00+08:06,kongtou,3975.0,3985.0,3988.0,3958.0,841566.0,5853340,-51.0,3963.4803015670113,4323.288929202219,-1
2010-07-01 09:00:00+08:06,kongtou,3975.0,3960.0,3985.0,3953.0,850456.0,6130720,-51.0,3943.306273585805,4322.847572568041,-1
2010-07-02 09:00:00+08:06,kongtou,3955.0,3975.0,3981.0,3921.0,827466.0,9623590,-51.0,3935.7648158199863,4304.004414949244,-1
2010-07-05 09:00:00+08:06,kongtou,3970.0,3989.0,3997.0,3954.0,860436.0,7373910,-51.0,3927.9438258099744,4290.67155880541,-1
2010-07-06 09:00:00+08:06,kongtou,3972.0,3964.0,3995.0,3957.0,864992.0,6762370,-51.0,3919.9572756574544,4274.965801265622,-1
2010-07-07 09:00:00+08:06,kongtou,3964.0,3965.0,3978.0,3955.0,852552.0,4574190,-51.0,3915.2116002723988,4256.249938189139,-1
2010-07-08 09:00:00+08:06,kongtou,3985.0,3935.0,4000.0,3933.0,980932.0,7320000,-122.0,3907.5468105426585,4239.222420226572,-1
2010-07-09 09:00:00+08:06,kongtou,3933.0,3950.0,3957.0,3912.0,909114.0,8772210,-122.0,3900.8858366797635,4225.498778704851,-1
2010-07-12 09:00:00+08:06,kongtou,3950.0,3943.0,3955.0,3932.0,844098.0,5835020,-122.0,3892.254834603971,4216.052857703721,-1
2010-07-13 09:00:00+08:06,kongtou,3939.0,3917.0,3942.0,3907.0,768088.0,3940940,-122.0,3882.4572853827235,4205.235022309584,-1
2010-07-14 09:00:00+08:06,kongtou,3918.0,3906.0,3927.0,3892.0,713666.0,3065180,-122.0,3875.3543648979503,4189.722558178973,-1
2010-07-15 09:00:00+08:06,kongtou,3902.0,3909.0,3925.0,3886.0,647852.0,1989770,-122.0,3869.5543482316484,4174.676420999122,-1
2010-07-16 09:00:00+08:06,panzhen,4058.0,4066.0,4068.0,4047.0,679620.0,4798530,0.0,3870.3567983568487,4177.335509335459,-1
2010-07-19 09:00:00+08:06,panzhen,4065.0,4135.0,4139.0,4065.0,830550.0,10940970,0.0,3867.8999718660416,4185.484643518574,-1
2010-07-20 09:00:00+08:06,duotou,4138.0,4187.0,4189.0,4128.0,864878.0,12776200,0.0,3861.9020864057225,4197.944067440431,-1
2010-07-21 09:00:00+08:06,duotou,4190.0,4177.0,4198.0,4166.0,866754.0,11678800,0.0,3857.2580047875003,4209.895841366346,-1
2010-07-22 09:00:00+08:06,duotou,4183.0,4173.0,4191.0,4163.0,913076.0,8949240,0.0,3853.9340842607003,4217.988992662377,-1
2010-07-23 09:00:00+08:06,duotou,4190.0,4223.0,4234.0,4188.0,1034370.0,14215410,0.0,3846.4431712372607,4234.018367224277,-1
2010-07-26 09:00:00+08:06,duotou,4222.0,4215.0,4235.0,4203.0,1069838.0,9731150,0.0,3840.649606457122,4249.5811627736475,-1
2010-07-27 09:00:00+08:06,duotou,4215.0,4155.0,4217.0,4153.0,1102482.0,9771480,0.0,3841.029517866223,4248.585866749162,-1
2010-07-28 09:00:00+08:06,duotou,4154.0,4220.0,4223.0,4146.0,1259150.0,10205520,0.0,3836.132521222695,4259.790555700382,-1
2010-07-29 09:00:00+08:06,duotou,4218.0,4216.0,4241.0,4196.0,1233180.0,12086630,47.0,3831.9496499396187,4274.434965444996,1
2010-07-30 09:00:00+08:06,duotou,4219.0,4285.0,4287.0,4215.0,1203746.0,16507610,47.0,3822.228796135318,4298.309665403143,1
2010-08-02 09:00:00+08:06,duotou,4310.0,4327.0,4353.0,4310.0,1258936.0,13386730,47.0,3810.438535623721,4328.792233607049,1
2010-08-03 09:00:00+08:06,duotou,4341.0,4298.0,4346.0,4295.0,1232048.0,12763310,47.0,3806.344323897322,4352.809522256523,1
2010-08-04 09:00:00+08:06,duotou,4296.0,4324.0,4326.0,4275.0,1264022.0,13431080,47.0,3805.779838997686,4378.758622540776,1
2010-08-05 09:00:00+08:06,duotou,4330.0,4302.0,4347.0,4286.0,1255884.0,14235670,47.0,3810.3892130985596,4398.533863824517,1
2010-08-06 09:00:00+08:06,duotou,4291.0,4317.0,4324.0,4285.0,1233682.0,10030200,47.0,3819.08799389434,4417.296621490275,1
2010-08-09 09:00:00+08:06,duotou,4320.0,4379.0,4380.0,4320.0,1341754.0,12385490,47.0,3824.202315118186,4443.2592233433525,1
2010-08-10 09:00:00+08:06,duotou,4378.0,4357.0,4385.0,4353.0,1271876.0,10133160,47.0,3832.5228807549256,4463.246350014305,1
2010-08-11 09:00:00+08:06,duotou,4351.0,4361.0,4407.0,4351.0,1331284.0,15529500,47.0,3846.443013564719,4479.8646787429725,1
2010-08-12 09:00:00+08:06,duotou,4342.0,4301.0,4342.0,4298.0,1317378.0,11124600,47.0,3865.399785160907,4486.754060992939,1
2010-08-13 09:00:00+08:06,duotou,4320.0,4334.0,4334.0,4295.0,1351294.0,10166930,47.0,3890.6342815727835,4492.211872273371,1
2010-08-16 09:00:00+08:06,duotou,4325.0,4361.0,4371.0,4318.0,1366418.0,9925860,47.0,3915.800710228727,4498.6608282328125,1
2010-08-17 09:00:00+08:06,duotou,4370.0,4367.0,4385.0,4344.0,1280464.0,11237990,47.0,3945.9531422806763,4501.123780796248,1
2010-08-18 09:00:00+08:06,duotou,4384.0,4361.0,4387.0,4361.0,1216194.0,8673440,47.0,3986.966276944005,4494.264492286765,1
2010-08-19 09:00:00+08:06,duotou,4365.0,4365.0,4378.0,4341.0,1213606.0,8537020,47.0,4038.6201696303747,4477.918291908087,1
2010-08-20 09:00:00+08:06,duotou,4351.0,4311.0,4352.0,4308.0,1178686.0,8551850,47.0,4103.584625991594,4443.876912469945,1
2010-08-23 09:00:00+08:06,panzhen,4316.0,4261.0,4316.0,4255.0,1185450.0,10438940,0.0,4132.533546979224,4429.927991482315,1
2010-08-24 09:00:00+08:06,panzhen,4249.0,4238.0,4278.0,4234.0,1131506.0,9997190,0.0,4147.185597453268,4423.199017931347,1
2010-08-25 09:00:00+08:06,panzhen,4219.0,4225.0,4245.0,4213.0,1137160.0,8021600,0.0,4152.0753676964,4421.232324611292,1
2010-08-26 09:00:00+08:06,panzhen,4240.0,4257.0,4260.0,4237.0,1133676.0,6569890,0.0,4161.828694077949,4417.63284438359,1
2010-08-27 09:00:00+08:06,panzhen,4263.0,4268.0,4272.0,4246.0,1119014.0,6148370,0.0,4173.877838076853,4412.891392692378,1
2010-08-30 09:00:00+08:06,panzhen,4295.0,4333.0,4334.0,4284.0,1162306.0,10477800,0.0,4180.61298237437,4414.617786856399,1
2010-08-31 09:00:00+08:06,panzhen,4310.0,4312.0,4344.0,4306.0,1113860.0,10815150,0.0,4189.026633921095,4413.665673771214,1
2010-09-01 09:00:00+08:06,panzhen,4328.0,4352.0,4372.0,4318.0,1098080.0,12122820,0.0,4211.527889746253,4406.318264099901,1
2010-09-02 09:00:00+08:06,panzhen,4380.0,4386.0,4395.0,4370.0,1105294.0,8594690,0.0,4220.332765688117,4410.282618927267,1
2010-09-03 09:00:00+08:06,panzhen,4400.0,4365.0,4400.0,4358.0,1087286.0,7347620,0.0,4232.995673393381,4409.081249683542,1
2010-09-06 09:00:00+08:06,duotou,4471.0,4584.0,4592.0,4468.0,1221910.0,14554970,0.0,4199.643788647396,4465.433134429528,1
2010-09-07 09:00:00+08:06,duotou,4584.0,4568.0,4590.0,4547.0,1189394.0,12382540,0.0,4181.052724224879,4502.562660390506,1
2010-09-08 09:00:00+08:06,duotou,4568.0,4538.0,4568.0,4531.0,1217574.0,9428310,0.0,4174.607624560727,4527.469298516196,1
2010-09-09 09:00:00+08:06,panzhen,4550.0,4439.0,4557.0,4342.0,1092142.0,13857840,0.0,4176.220204999312,4534.702871923764,1
2010-09-10 09:00:00+08:06,panzhen,4445.0,4494.0,4500.0,4434.0,1197244.0,12094480,0.0,4177.313496710337,4548.378810981972,1
2010-09-13 09:00:00+08:06,panzhen,4529.0,4481.0,4540.0,4470.0,1151560.0,10772220,0.0,4179.1864867650465,4559.121205542645,1
2010-09-14 09:00:00+08:06,panzhen,4483.0,4418.0,4483.0,4406.0,1159224.0,12104200,0.0,4179.785432110786,4561.522260196905,1
2010-09-15 09:00:00+08:06,panzhen,4432.0,4417.0,4435.0,4402.0,1110354.0,10172020,0.0,4181.359803469171,4564.563273453905,1
2010-09-16 09:00:00+08:06,panzhen,4419.0,4366.0,4433.0,4350.0,1090372.0,11576500,0.0,4181.59048663521,4564.717205672481,1
2010-09-17 09:00:00+08:06,panzhen,4370.0,4359.0,4383.0,4351.0,1081302.0,9301100,0.0,4185.894549135495,4564.874681633735,1
2010-09-20 09:00:00+08:06,panzhen,4372.0,4378.0,4418.0,4356.0,1048714.0,12138740,0.0,4188.310952319502,4565.842893834344,1
2010-09-21 09:00:00+08:06,panzhen,4370.0,4317.0,4377.0,4306.0,880984.0,7376060,0.0,4185.288221275586,4565.481009493645,1
2010-09-27 09:00:00+08:06,panzhen,4337.0,4258.0,4342.0,4255.0,906172.0,7626400,0.0,4175.807071472799,4566.577543911816,1
2010-09-28 09:00:00+08:06,panzhen,4250.0,4251.0,4283.0,4231.0,844016.0,6283200,0.0,4166.187282703591,4567.735794219485,1
2010-09-29 09:00:00+08:06,panzhen,4246.0,4240.0,4285.0,4217.0,781670.0,6336020,0.0,4155.520992776922,4568.7866995307695,1
2010-09-30 09:00:00+08:06,panzhen,4221.0,4263.0,4265.0,4197.0,751058.0,5730630,0.0,4151.038804377295,4569.57658023809,1
2010-10-08 09:00:00+08:06,panzhen,4262.0,4279.0,4297.0,4247.0,737044.0,4005680,0.0,4152.934182011097,4569.065817988903,1
2010-10-11 09:00:00+08:06,panzhen,4320.0,4341.0,4372.0,4320.0,779330.0,5540730,0.0,4162.569321547296,4567.353755375781,1
2010-10-12 09:00:00+08:06,panzhen,4328.0,4304.0,4328.0,4291.0,697770.0,2820550,0.0,4171.827391545874,4564.172608454126,1
2010-10-13 09:00:00+08:06,panzhen,4322.0,4324.0,4329.0,4298.0,601846.0,2052470,0.0,4178.58880399183,4562.565042162016,1
2010-10-14 09:00:00+08:06,panzhen,4515.0,4474.0,4525.0,4464.0,882978.0,8960230,0.0,4187.096881305033,4569.903118694967,1
2010-10-15 09:00:00+08:06,panzhen,4450.0,4498.0,4505.0,4431.0,912814.0,8769200,0.0,4189.008157762526,4580.6841499297825,1
2010-10-18 09:00:00+08:06,panzhen,4478.0,4520.0,4554.0,4477.0,1041522.0,13130400,0.0,4192.620364138906,4593.071943553403,1
2010-10-19 09:00:00+08:06,panzhen,4534.0,4488.0,4540.0,4466.0,973342.0,10076080,0.0,4195.303140006724,4600.850706147122,1
2010-10-20 09:00:00+08:06,panzhen,4410.0,4421.0,4448.0,4377.0,893744.0,9186750,0.0,4196.523197803486,4602.322956042668,1
2010-10-21 09:00:00+08:06,panzhen,4438.0,4427.0,4459.0,4414.0,921992.0,9717500,0.0,4199.124901697671,4604.490482917714,1
2010-10-22 09:00:00+08:06,panzhen,4420.0,4413.0,4430.0,4403.0,863446.0,5523390,0.0,4205.969608444309,4584.49193001723,1
2010-10-25 09:00:00+08:06,panzhen,4430.0,4510.0,4516.0,4425.0,1076484.0,12825270,0.0,4210.697630717098,4575.302369282902,1
2010-10-26 09:00:00+08:06,panzhen,4519.0,4477.0,4524.0,4470.0,1005426.0,10682330,0.0,4214.406692498525,4566.900999809166,1
2010-10-27 09:00:00+08:06,panzhen,4494.0,4486.0,4540.0,4473.0,1014438.0,17297710,0.0,4213.3275269426385,4571.595549980438,1
2010-10-28 09:00:00+08:06,panzhen,4499.0,4504.0,4525.0,4492.0,1008602.0,8401910,0.0,4212.8011233184225,4572.891184373886,1
2010-10-29 09:00:00+08:06,panzhen,4500.0,4505.0,4515.0,4475.0,941652.0,7657790,0.0,4211.6912190081675,4575.847242530293,1
2010-11-01 09:00:00+08:06,panzhen,4520.0,4553.0,4562.0,4520.0,1100574.0,8488100,0.0,4206.985193148422,4590.937883774654,1
2010-11-02 09:00:00+08:06,panzhen,4558.0,4542.0,4566.0,4535.0,1007590.0,5799380,0.0,4204.119300454799,4603.419161083662,1
2010-11-03 09:00:00+08:06,panzhen,4565.0,4551.0,4588.0,4542.0,1002842.0,8602250,0.0,4204.068214515035,4617.701016254196,1
2010-11-04 09:00:00+08:06,panzhen,4575.0,4606.0,4610.0,4563.0,1216284.0,7670020,0.0,4201.627231739137,4639.141999030094,1
2010-11-05 09:00:00+08:06,duotou,4650.0,4708.0,4732.0,4645.0,1190582.0,13222400,0.0,4188.821745617004,4677.332100536842,1
2010-11-08 09:00:00+08:06,duotou,4730.0,4709.0,4730.0,4679.0,1125614.0,8141660,0.0,4186.636561943348,4709.671130364343,1
2010-11-09 09:00:00+08:06,duotou,4720.0,4854.0,4905.0,4710.0,1202140.0,14625120,0.0,4177.705578937561,4764.448267216285,1
2010-11-10 09:00:00+08:06,duotou,4842.0,4770.0,4885.0,4733.0,1026544.0,13323580,0.0,4189.760424467574,4792.31649860935,1
2010-11-11 09:00:00+08:06,duotou,4785.0,4793.0,4852.0,4744.0,1046018.0,12193800,0.0,4206.871424635587,4817.743959979798,1
2010-11-12 09:00:00+08:06,duotou,4795.0,4637.0,4795.0,4571.0,879838.0,22108860,0.0,4234.641854079194,4818.7427613054215,1
2010-11-15 09:00:00+08:06,duotou,4590.0,4667.0,4694.0,4590.0,871004.0,13790880,0.0,4262.343762259585,4820.887006971185,1
2010-11-16 09:00:00+08:06,duotou,4678.0,4646.0,4687.0,4633.0,849250.0,8996860,0.0,4283.296618613694,4823.395689078615,1
2010-11-17 09:00:00+08:06,panzhen,4529.0,4550.0,4574.0,4492.0,772888.0,13468020,0.0,4311.799252835244,4813.8161317801405,1
2010-11-18 09:00:00+08:06,panzhen,4589.0,4611.0,4621.0,4564.0,747278.0,8248550,0.0,4341.248983212107,4806.443324480201,1
2010-11-19 09:00:00+08:06,panzhen,4647.0,4643.0,4666.0,4584.0,694868.0,8790100,0.0,4349.837056873901,4810.8552508184075,1
2010-11-22 09:00:00+08:06,panzhen,4632.0,4644.0,4665.0,4623.0,707436.0,6877290,0.0,4356.639808960566,4815.28326796251,1
2010-11-23 09:00:00+08:06,panzhen,4630.0,4607.0,4644.0,4590.0,690430.0,7977770,0.0,4361.398959406694,4817.21642520869,1
2010-11-24 09:00:00+08:06,panzhen,4615.0,4695.0,4699.0,4600.0,788806.0,7930060,0.0,4369.610540423466,4824.927921114995,1
2010-11-25 09:00:00+08:06,panzhen,4701.0,4683.0,4738.0,4680.0,758480.0,8387310,0.0,4388.776015617192,4825.916292075117,1
2010-11-26 09:00:00+08:06,panzhen,4684.0,4650.0,4697.0,4630.0,713490.0,7414510,0.0,4409.150869984811,4822.695283861343,1
2010-11-29 09:00:00+08:06,panzhen,4660.0,4668.0,4680.0,4636.0,699648.0,4609200,0.0,4434.806251167702,4816.655287293837,1
2010-11-30 09:00:00+08:06,panzhen,4659.0,4634.0,4665.0,4612.0,635964.0,4728510,0.0,4445.267298118934,4815.732701881066,1
2010-12-01 09:00:00+08:06,panzhen,4632.0,4678.0,4688.0,4627.0,635332.0,3886140,0.0,4462.747868295373,4813.713670166166,1
2010-12-02 09:00:00+08:06,panzhen,4708.0,4685.0,4724.0,4675.0,641072.0,3931210,0.0,4480.563178435889,4811.206052333341,1
2010-12-03 09:00:00+08:06,panzhen,4693.0,4728.0,4745.0,4685.0,724502.0,5928750,0.0,4496.466653957033,4812.533346042967,1
2010-12-06 09:00:00+08:06,panzhen,4737.0,4719.0,4744.0,4705.0,695742.0,3375300,0.0,4514.727071052168,4810.734467409371,1
2010-12-07 09:00:00+08:06,panzhen,4723.0,4760.0,4771.0,4710.0,751160.0,4368830,0.0,4524.902396433478,4816.482218951137,1
2010-12-08 09:00:00+08:06,panzhen,4740.0,4712.0,4758.0,4711.0,678242.0,3157910,0.0,4540.124064359337,4814.337474102202,1
2010-12-09 09:00:00+08:06,panzhen,4735.0,4715.0,4743.0,4712.0,639992.0,2996740,0.0,4555.448071856085,4811.628851220838,1
2010-12-10 09:00:00+08:06,panzhen,4708.0,4727.0,4732.0,4694.0,630880.0,2440920,0.0,4562.947907564771,4813.436707819844,1
2010-12-13 09:00:00+08:06,panzhen,4730.0,4779.0,4789.0,4728.0,644824.0,3495140,0.0,4561.059334038615,4820.786819807539,1
2010-12-14 09:00:00+08:06,panzhen,4770.0,4782.0,4791.0,4760.0,631422.0,2205380,0.0,4559.347210607019,4828.11432785452,1
2010-12-15 09:00:00+08:06,panzhen,4778.0,4772.0,4814.0,4751.0,634042.0,3783510,0.0,4568.062028438369,4813.091817715476,1
2010-12-16 09:00:00+08:06,panzhen,4765.0,4767.0,4787.0,4760.0,625876.0,1946130,0.0,4568.240766250834,4812.682310672242,1
2010-12-17 09:00:00+08:06,panzhen,4767.0,4791.0,4794.0,4767.0,625434.0,2033460,0.0,4568.419832418288,4812.3493983509425,1
2010-12-20 09:00:00+08:06,duotou,4819.0,4801.0,4827.0,4771.0,629708.0,2675840,0.0,4569.569388097163,4823.815227287452,1
2010-12-21 09:00:00+08:06,duotou,4811.0,4820.0,4832.0,4803.0,686698.0,2410470,0.0,4567.575871141439,4837.577975012407,1
2010-12-22 09:00:00+08:06,duotou,4830.0,4794.0,4830.0,4783.0,636140.0,2319940,0.0,4570.831627928624,4845.706833609837,1
2010-12-23 09:00:00+08:06,duotou,4798.0,4774.0,4798.0,4763.0,632388.0,1939010,0.0,4592.775077013096,4840.994153756134,1
2010-12-24 09:00:00+08:06,duotou,4776.0,4762.0,4784.0,4743.0,621460.0,1888220,0.0,4604.978483615872,4840.406131768743,1
2010-12-27 09:00:00+08:06,panzhen,4736.0,4734.0,4770.0,4720.0,615062.0,2036190,0.0,4612.833762521216,4839.550852863399,1
2010-12-28 09:00:00+08:06,panzhen,4738.0,4744.0,4755.0,4738.0,598940.0,1306830,0.0,4621.408559479742,4838.668363597182,1
2010-12-29 09:00:00+08:06,panzhen,4747.0,4770.0,4778.0,4721.0,608974.0,2480640,0.0,4638.532802923509,4834.082581691876,1
2010-12-30 09:00:00+08:06,panzhen,4766.0,4791.0,4792.0,4753.0,574712.0,1612310,0.0,4641.495802510389,4838.504197489611,1
2010-12-31 09:00:00+08:06,panzhen,4778.0,4812.0,4814.0,4778.0,568186.0,1396820,0.0,4645.451228567751,4844.471848355325,1
2011-01-04 09:00:00+08:06,panzhen,4830.0,4822.0,4842.0,4805.0,576934.0,1376950,0.0,4655.384530803063,4847.769315350783,1
2011-01-05 09:00:00+08:06,panzhen,4800.0,4793.0,4817.0,4790.0,561420.0,1074510,0.0,4665.006993274565,4847.762237494666,1
2011-01-06 09:00:00+08:06,panzhen,4806.0,4809.0,4825.0,4803.0,557852.0,930680,0.0,4683.804260314541,4842.426508916228,1
2011-01-07 09:00:00+08:06,panzhen,4800.0,4793.0,4827.0,4778.0,553694.0,1845160,0.0,4695.186265741246,4839.890657335678,1
2011-01-10 09:00:00+08:06,duotou,4801.0,4834.0,4851.0,4801.0,549690.0,2180190,0.0,4704.458324450445,4842.080137088016,1
2011-01-11 09:00:00+08:06,duotou,4834.0,4843.0,4844.0,4828.0,535096.0,916320,0.0,4706.35180408033,4849.032811304285,1
2011-01-12 09:00:00+08:06,duotou,4860.0,4847.0,4866.0,4833.0,543014.0,1116180,0.0,4710.4935284955645,4854.737240735205,1
2011-01-13 09:00:00+08:06,duotou,4860.0,4861.0,4865.0,4843.0,528286.0,842910,0.0,4708.990199130896,4864.009800869104,1
2011-01-14 09:00:00+08:06,duotou,4866.0,4903.0,4918.0,4852.0,544148.0,1770160,0.0,4710.024562525228,4877.66774516708,1
2011-01-17 09:00:00+08:06,duotou,4905.0,4919.0,4933.0,4898.0,531762.0,1264070,0.0,4710.955546876631,4892.429068507984,1
2011-01-18 09:00:00+08:06,duotou,4916.0,4913.0,4929.0,4888.0,518064.0,1040350,0.0,4713.576992950659,4904.11531474165,1
2011-01-19 09:00:00+08:06,duotou,4923.0,4931.0,4941.0,4911.0,500434.0,895490,0.0,4709.344868994212,4920.039746390403,1
2011-01-20 09:00:00+08:06,duotou,4925.0,4918.0,4931.0,4917.0,486856.0,673790,0.0,4708.271251243813,4931.574902602341,1
2011-01-21 09:00:00+08:06,duotou,4902.0,4950.0,4956.0,4897.0,476296.0,1180190,0.0,4706.235408267508,4947.303053270953,1
2011-01-24 09:00:00+08:06,duotou,4959.0,4965.0,4976.0,4950.0,462662.0,817520,0.0,4705.208436438532,4963.560794330699,1
2011-01-25 09:00:00+08:06,duotou,4959.0,4967.0,4977.0,4953.0,454316.0,558350,0.0,4703.606436360535,4978.701255947157,1
2011-01-26 09:00:00+08:06,duotou,4956.0,4949.0,4962.0,4920.0,441722.0,526320,0.0,4704.2594004344155,4989.432907257893,1
2011-01-27 09:00:00+08:06,duotou,4954.0,4930.0,4958.0,4893.0,405718.0,839050,0.0,4705.432547889714,4996.721298264131,1
2011-01-28 09:00:00+08:06,duotou,4920.0,4936.0,4943.0,4920.0,386380.0,254240,0.0,4709.2248444654715,5003.852078611452,1
2011-01-31 09:00:00+08:06,duotou,4936.0,4996.0,5000.0,4936.0,357876.0,401630,65.0,4712.257348135676,5017.89649801817,1
2011-02-01 09:00:00+08:06,duotou,5001.0,5022.0,5023.0,4985.0,342150.0,286010,65.0,4716.62292773738,5033.530918416465,1
2011-02-09 09:00:00+08:06,duotou,5124.0,5124.0,5150.0,5104.0,378720.0,830320,65.0,4714.92430999384,5065.229536160005,1
2011-02-10 09:00:00+08:06,duotou,5120.0,5188.0,5199.0,5120.0,501100.0,1982880,65.0,4707.443523391659,5106.864168916032,1
2011-02-11 09:00:00+08:06,duotou,5190.0,5167.0,5230.0,5163.0,480486.0,2333030,65.0,4706.911397370303,5137.934756475851,1
2011-02-14 09:00:00+08:06,duotou,5180.0,5153.0,5182.0,5145.0,489438.0,1370590,65.0,4710.089701455256,5162.602606237053,1
2011-02-15 09:00:00+08:06,duotou,5162.0,5157.0,5196.0,5153.0,495618.0,1523250,65.0,4713.820116885044,5185.410652345726,1
2011-02-16 09:00:00+08:06,duotou,5140.0,5102.0,5140.0,5078.0,497640.0,2718420,65.0,4723.313982013259,5197.455248755971,1
2011-02-17 09:00:00+08:06,duotou,5105.0,5018.0,5118.0,5007.0,521872.0,3604600,65.0,4740.7771532707875,5197.299769806136,1
2011-02-18 09:00:00+08:06,duotou,5038.0,4985.0,5046.0,4985.0,548366.0,2628610,65.0,4756.675825277975,5194.93955933741,1
2011-02-21 09:00:00+08:06,panzhen,4974.0,5026.0,5041.0,4973.0,587800.0,2576600,0.0,4777.540403184195,5191.998058354266,1
2011-02-22 09:00:00+08:06,panzhen,5030.0,5000.0,5064.0,4952.0,597838.0,3330700,0.0,4792.862923666585,5189.444768641107,1
2011-02-23 09:00:00+08:06,panzhen,4957.0,4940.0,4974.0,4931.0,629114.0,2414910,0.0,4804.387026525987,5185.382204243244,1
2011-02-24 09:00:00+08:06,panzhen,4955.0,4892.0,4960.0,4880.0,682908.0,3084820,0.0,4810.762608370681,5182.468160860089,1
2011-02-25 09:00:00+08:06,panzhen,4905.0,4869.0,4915.0,4861.0,678728.0,2826390,0.0,4811.944971709876,5181.901182136278,1
2011-02-28 09:00:00+08:06,panzhen,4882.0,4899.0,4912.0,4872.0,651826.0,2170110,0.0,4811.472539203176,5182.065922335285,1
2011-03-01 09:00:00+08:06,panzhen,4911.0,4837.0,4924.0,4816.0,708380.0,3659890,0.0,4800.50475317235,5186.726016058419,1
2011-03-02 09:00:00+08:06,kongtou,4828.0,4847.0,4856.0,4797.0,693768.0,2813620,0.0,4792.146766739076,5190.00707941477,1
2011-03-03 09:00:00+08:06,kongtou,4845.0,4813.0,4878.0,4797.0,761310.0,3754550,0.0,4777.219984446602,5195.856938630322,1
2011-03-04 09:00:00+08:06,kongtou,4820.0,4816.0,4828.0,4770.0,743146.0,3255840,0.0,4764.660500841389,5200.5702683893805,1
2011-03-07 09:00:00+08:06,kongtou,4818.0,4832.0,4843.0,4802.0,770410.0,3156600,0.0,4752.803125169383,5203.350720984463,1
2011-03-08 09:00:00+08:06,kongtou,4802.0,4773.0,4841.0,4755.0,781120.0,4923080,0.0,4731.999863655533,5209.384751729082,1
2011-03-09 09:00:00+08:06,kongtou,4771.0,4771.0,4795.0,4758.0,781434.0,2449310,0.0,4712.395800155012,5213.91189215268,1
2011-03-10 09:00:00+08:06,kongtou,4751.0,4679.0,4751.0,4678.0,823608.0,3381610,0.0,4679.201178376505,5226.337283161956,1
2011-03-11 09:00:00+08:06,kongtou,4672.0,4656.0,4694.0,4651.0,797976.0,3305380,0.0,4645.810429592158,5238.6511088693815,1
2011-03-14 09:00:00+08:06,kongtou,4660.0,4733.0,4740.0,4641.0,798722.0,5186580,0.0,4627.258288738347,5241.587865107807,1
2011-03-15 09:00:00+08:06,kongtou,4733.0,4774.0,4781.0,4712.0,772908.0,5167860,0.0,4613.739517505147,5238.0297132640835,1
2011-03-16 09:00:00+08:06,kongtou,4770.0,4832.0,4835.0,4755.0,734950.0,4892500,0.0,4606.87875888256,5230.275087271286,1
2011-03-17 09:00:00+08:06,kongtou,4805.0,4817.0,4848.0,4796.0,718996.0,4535000,0.0,4603.960173038448,5209.578288500013,1
2011-03-18 09:00:00+08:06,kongtou,4836.0,4756.0,4847.0,4742.0,797818.0,5730050,0.0,4603.939998019411,5176.36769428828,1
2011-03-21 09:00:00+08:06,kongtou,4753.0,4653.0,4753.0,4652.0,822988.0,5117950,0.0,4592.506348222624,5148.262882546606,1
2011-03-22 09:00:00+08:06,kongtou,4642.0,4648.0,4686.0,4627.0,818008.0,5165700,0.0,4584.451050418931,5117.472026504145,1
2011-03-23 09:00:00+08:06,kongtou,4674.0,4728.0,4736.0,4650.0,791080.0,5349150,0.0,4593.929288412566,5074.99378851051,1
2011-03-24 09:00:00+08:06,kongtou,4736.0,4717.0,4760.0,4684.0,797750.0,5763600,0.0,4600.360616185235,5038.947076122457,1
2011-03-25 09:00:00+08:06,kongtou,4734.0,4730.0,4743.0,4705.0,762456.0,3976720,0.0,4601.736833913281,5015.417012240565,1
2011-03-28 09:00:00+08:06,kongtou,4750.0,4779.0,4796.0,4744.0,715432.0,5141050,0.0,4606.031575068584,4995.276117239107,1
2011-03-29 09:00:00+08:06,panzhen,4780.0,4814.0,4824.0,4765.0,724372.0,5142580,0.0,4619.795494691539,4965.204505308461,1
2011-03-30 09:00:00+08:06,panzhen,4827.0,4794.0,4833.0,4775.0,728002.0,4690000,0.0,4633.077572403545,4936.076273750301,1
2011-03-31 09:00:00+08:06,panzhen,4786.0,4794.0,4818.0,4767.0,690710.0,3856870,0.0,4640.674789811911,4917.248287111165,1
2011-04-01 09:00:00+08:06,panzhen,4799.0,4780.0,4801.0,4757.0,634050.0,3044030,0.0,4643.950491705992,4905.357200601699,1
2011-04-06 09:00:00+08:06,panzhen,4780.0,4874.0,4876.0,4778.0,706736.0,4324960,0.0,4643.574629829151,4906.117677863158,1
2011-04-07 09:00:00+08:06,panzhen,4877.0,4884.0,4888.0,4854.0,680536.0,3449350,0.0,4645.069852713649,4903.468608824812,1
2011-04-08 09:00:00+08:06,duotou,4890.0,4906.0,4915.0,4865.0,662366.0,3318120,0.0,4640.070631873759,4913.775521972395,1
2011-04-11 09:00:00+08:06,duotou,4921.0,4920.0,4936.0,4893.0,690536.0,3914510,0.0,4634.5035650699,4924.957973391639,1
2011-04-12 09:00:00+08:06,duotou,4902.0,4903.0,4918.0,4878.0,672600.0,3612770,0.0,4630.842488343464,4935.542127041152,1
2011-04-13 09:00:00+08:06,duotou,4870.0,4922.0,4922.0,4860.0,745686.0,3954050,0.0,4626.202061128399,4948.336400410062,1
2011-04-14 09:00:00+08:06,duotou,4910.0,4907.0,4931.0,4901.0,727450.0,3767050,0.0,4623.399589091111,4956.9081032165805,1
2011-04-15 09:00:00+08:06,duotou,4905.0,4827.0,4917.0,4820.0,738936.0,5419520,0.0,4625.038289005807,4959.423249455732,1
2011-04-18 09:00:00+08:06,duotou,4820.0,4844.0,4852.0,4797.0,715936.0,3422250,0.0,4626.917185925866,4963.159737151058,1
2011-04-19 09:00:00+08:06,panzhen,4828.0,4774.0,4840.0,4758.0,682002.0,4097840,0.0,4636.8036762381835,4960.580939146432,1
2011-04-20 09:00:00+08:06,panzhen,4787.0,4814.0,4821.0,4783.0,664864.0,2575590,0.0,4653.231159703728,4956.307301834733,1
2011-04-21 09:00:00+08:06,panzhen,4832.0,4849.0,4874.0,4832.0,648452.0,3105800,0.0,4659.5888297246565,4958.8727087368825,1
2011-04-22 09:00:00+08:06,panzhen,4860.0,4873.0,4880.0,4837.0,633202.0,3081800,0.0,4662.143204163636,4963.9337189132875,1
2011-04-25 09:00:00+08:06,panzhen,4877.0,4879.0,4887.0,4863.0,645296.0,2021000,0.0,4661.972458058123,4967.719849634185,1
2011-04-26 09:00:00+08:06,panzhen,4862.0,4896.0,4906.0,4841.0,684212.0,4112110,0.0,4661.852738046811,4973.916492722419,1
2011-04-27 09:00:00+08:06,panzhen,4910.0,4885.0,4922.0,4877.0,705452.0,3601930,0.0,4666.79715532063,4978.895152371679,1
2011-04-28 09:00:00+08:06,panzhen,4898.0,4906.0,4933.0,4891.0,687486.0,3626070,0.0,4689.056168129772,4976.0976780240735,1
2011-04-29 09:00:00+08:06,panzhen,4901.0,4915.0,4917.0,4859.0,690702.0,3387990,0.0,4716.4332865512,4969.259021141109,1
2011-05-03 09:00:00+08:06,panzhen,4923.0,4953.0,4965.0,4923.0,762378.0,3079010,0.0,4726.927809005252,4976.072190994748,1
2011-05-04 09:00:00+08:06,panzhen,4954.0,4941.0,4959.0,4916.0,790724.0,3901710,0.0,4743.194205481029,4977.036563749741,1
2011-05-05 09:00:00+08:06,panzhen,4928.0,4913.0,4936.0,4884.0,862822.0,5747630,0.0,4760.861517307324,4973.4461750003675,1
2011-05-06 09:00:00+08:06,panzhen,4850.0,4804.0,4858.0,4798.0,829936.0,6050660,0.0,4764.614619961091,4971.616149269678,1
2011-05-09 09:00:00+08:06,panzhen,4820.0,4829.0,4829.0,4795.0,813590.0,3955080,0.0,4766.242666433422,4971.141948951194,1
2011-05-10 09:00:00+08:06,panzhen,4829.0,4848.0,4852.0,4816.0,785918.0,3347150,0.0,4772.350490070535,4969.187971467926,1
2011-05-11 09:00:00+08:06,panzhen,4857.0,4822.0,4866.0,4819.0,802496.0,3804990,0.0,4776.23847422605,4967.453833466258,1
2011-05-12 09:00:00+08:06,kongtou,4780.0,4782.0,4810.0,4768.0,835010.0,4540560,0.0,4776.608338250189,4967.237815595965,1
2011-05-13 09:00:00+08:06,kongtou,4803.0,4850.0,4852.0,4803.0,772270.0,3753460,0.0,4775.319441730474,4966.680558269526,1
2011-05-16 09:00:00+08:06,kongtou,4841.0,4818.0,4857.0,4816.0,755132.0,3127070,0.0,4770.813456406575,4966.109620516501,1
2011-05-17 09:00:00+08:06,kongtou,4821.0,4823.0,4833.0,4794.0,713876.0,3523750,0.0,4767.312320788254,4963.226140750207,1
2011-05-18 09:00:00+08:06,kongtou,4830.0,4814.0,4846.0,4803.0,725590.0,3019240,0.0,4763.864915341618,4958.519700042997,1
2011-05-19 09:00:00+08:06,kongtou,4841.0,4830.0,4847.0,4817.0,703244.0,3161680,0.0,4761.834784610543,4954.934446158688,1
2011-05-20 09:00:00+08:06,kongtou,4830.0,4825.0,4834.0,4810.0,669742.0,2376120,0.0,4760.765299612656,4948.542392695035,1
2011-05-23 09:00:00+08:06,kongtou,4835.0,4779.0,4838.0,4777.0,812312.0,4454830,-74.0,4753.93361543932,4945.527923022219,-1
2011-05-24 09:00:00+08:06,kongtou,4783.0,4808.0,4811.0,4780.0,755734.0,2652300,-74.0,4752.235416523444,4945.764583476556,-1
2011-05-25 09:00:00+08:06,kongtou,4802.0,4823.0,4834.0,4795.0,634160.0,3271910,-74.0,4750.925000779402,4945.459614605214,-1
2011-05-26 09:00:00+08:06,kongtou,4835.0,4828.0,4844.0,4817.0,628180.0,2064680,-74.0,4757.212494242414,4943.325967296047,-1
2011-05-27 09:00:00+08:06,kongtou,4822.0,4837.0,4838.0,4818.0,611938.0,1568040,-74.0,4759.060762294691,4943.246930013001,-1
2011-05-30 09:00:00+08:06,panzhen,4841.0,4874.0,4885.0,4841.0,651092.0,2697360,0.0,4759.611202717311,4944.619566513458,-1
2011-05-31 09:00:00+08:06,panzhen,4878.0,4875.0,4892.0,4860.0,640362.0,1973990,0.0,4759.61548847915,4944.769126905465,-1
2011-06-01 09:00:00+08:06,panzhen,4877.0,4866.0,4885.0,4866.0,633092.0,1372010,0.0,4759.560680731781,4943.823934652834,-1
2011-06-02 09:00:00+08:06,panzhen,4856.0,4861.0,4864.0,4839.0,605980.0,1681560,0.0,4759.83488415666,4940.857423535648,-1
2011-06-03 09:00:00+08:06,panzhen,4864.0,4867.0,4874.0,4855.0,617294.0,1395110,0.0,4759.941584222441,4939.366108085251,-1
2011-06-07 09:00:00+08:06,panzhen,4857.0,4864.0,4865.0,4847.0,607166.0,1158070,0.0,4760.9691155784985,4935.107807498425,-1
2011-06-08 09:00:00+08:06,panzhen,4864.0,4869.0,4886.0,4832.0,608688.0,3006500,0.0,4762.924612203877,4929.613849334584,-1
2011-06-09 09:00:00+08:06,panzhen,4876.0,4849.0,4876.0,4847.0,604638.0,1246770,0.0,4770.638644924825,4913.899816613636,-1
2011-06-10 09:00:00+08:06,panzhen,4859.0,4853.0,4865.0,4848.0,615044.0,1388220,0.0,4778.858141934925,4898.911088834306,-1
2011-06-13 09:00:00+08:06,panzhen,4838.0,4807.0,4838.0,4798.0,674334.0,2821270,0.0,4781.440980612463,4888.174404002922,-1
2011-06-14 09:00:00+08:06,panzhen,4797.0,4812.0,4823.0,4792.0,655490.0,1771860,0.0,4782.374138391435,4887.856630839335,-1
2011-06-15 09:00:00+08:06,panzhen,4821.0,4796.0,4822.0,4796.0,688972.0,1895140,0.0,4779.029838735091,4888.662468957217,-1
2011-06-16 09:00:00+08:06,kongtou,4787.0,4781.0,4795.0,4768.0,715990.0,2126200,0.0,4773.156455284338,4889.382006254123,-1
2011-06-17 09:00:00+08:06,kongtou,4782.0,4731.0,4785.0,4722.0,750336.0,3264190,0.0,4758.043818356728,4897.494643181733,-1
2011-06-20 09:00:00+08:06,kongtou,4721.0,4688.0,4730.0,4685.0,791518.0,2964710,0.0,4737.594498246956,4910.713194060735,-1
2011-06-21 09:00:00+08:06,kongtou,4696.0,4713.0,4715.0,4671.0,759378.0,3537310,0.0,4723.074985351353,4914.694245417878,-1
2011-06-22 09:00:00+08:06,kongtou,4706.0,4694.0,4723.0,4686.0,749732.0,2379420,0.0,4706.934262679663,4921.296506551106,-1
2011-06-23 09:00:00+08:06,kongtou,4689.0,4734.0,4743.0,4683.0,783322.0,3707970,0.0,4699.2641394116,4922.120475973015,-1
2011-06-24 09:00:00+08:06,kongtou,4729.0,4731.0,4750.0,4713.0,738568.0,2224620,0.0,4691.954138309326,4923.045861690674,-1
2011-06-27 09:00:00+08:06,kongtou,4721.0,4704.0,4736.0,4703.0,733238.0,2615370,0.0,4680.887433824267,4924.420258483425,-1
2011-06-28 09:00:00+08:06,kongtou,4706.0,4706.0,4719.0,4695.0,738172.0,2147030,0.0,4671.176692032753,4924.977154121093,-1
2011-06-29 09:00:00+08:06,kongtou,4718.0,4726.0,4730.0,4707.0,713514.0,2015270,0.0,4666.306808596215,4925.770114480709,-1
2011-06-30 09:00:00+08:06,kongtou,4736.0,4753.0,4755.0,4729.0,688972.0,1986930,0.0,4663.250352352321,4924.595801493833,-1
2011-07-01 09:00:00+08:06,kongtou,4745.0,4726.0,4749.0,4723.0,675094.0,1623350,0.0,4657.529613114844,4922.855002269771,-1
2011-07-04 09:00:00+08:06,panzhen,4730.0,4792.0,4798.0,4730.0,682496.0,2965070,0.0,4657.003619497077,4920.611765118308,-1
2011-07-05 09:00:00+08:06,panzhen,4793.0,4788.0,4818.0,4781.0,669242.0,1802500,0.0,4656.535579791389,4917.310574054765,-1
2011-07-06 09:00:00+08:06,panzhen,4793.0,4812.0,4814.0,4784.0,701412.0,2218660,0.0,4658.410040085504,4910.66688299142,-1
2011-07-07 09:00:00+08:06,panzhen,4803.0,4808.0,4823.0,4798.0,699160.0,1357520,0.0,4660.686922220528,4903.236154702548,-1
2011-07-08 09:00:00+08:06,panzhen,4820.0,4808.0,4828.0,4805.0,678188.0,1230390,0.0,4662.660694630781,4896.800843830758,-1
2011-07-11 09:00:00+08:06,panzhen,4802.0,4852.0,4867.0,4798.0,703610.0,2399220,0.0,4663.228120254334,4895.541110514897,-1
2011-07-12 09:00:00+08:06,panzhen,4851.0,4851.0,4873.0,4837.0,669086.0,2256830,0.0,4664.3189625068735,4893.2194990315875,-1
2011-07-13 09:00:00+08:06,duotou,4862.0,4887.0,4895.0,4858.0,669560.0,1840390,0.0,4662.264366468339,4897.043325839352,-1
2011-07-14 09:00:00+08:06,duotou,4885.0,4872.0,4890.0,4866.0,669200.0,1249140,0.0,4662.023340503063,4897.515121035398,-1
2011-07-15 09:00:00+08:06,duotou,4866.0,4871.0,4883.0,4852.0,658814.0,1214250,0.0,4660.597338634994,4900.633430595775,-1
2011-07-18 09:00:00+08:06,duotou,4865.0,4902.0,4925.0,4865.0,653022.0,1608650,0.0,4656.599856418507,4908.400143581493,-1
2011-07-19 09:00:00+08:06,duotou,4902.0,4915.0,4920.0,4886.0,646072.0,1302290,0.0,4651.042475734572,4922.26521657312,-1
2011-07-20 09:00:00+08:06,duotou,4935.0,4920.0,4938.0,4913.0,595900.0,1073960,0.0,4646.038359355902,4935.577025259483,-1
2011-07-21 09:00:00+08:06,duotou,4917.0,4913.0,4925.0,4907.0,579714.0,675500,0.0,4643.090469759671,4947.524914855714,-1
2011-07-22 09:00:00+08:06,duotou,4918.0,4925.0,4932.0,4914.0,562896.0,644020,0.0,4640.834911637604,4960.857396054705,-1
2011-07-25 09:00:00+08:06,duotou,4918.0,4878.0,4922.0,4878.0,536858.0,1135670,0.0,4646.371926259009,4966.628073740991,-1
2011-07-26 09:00:00+08:06,duotou,4880.0,4898.0,4906.0,4873.0,511682.0,712400,0.0,4658.027424316511,4971.126421837334,-1
2011-07-27 09:00:00+08:06,duotou,4892.0,4915.0,4921.0,4892.0,266552.0,830290,0.0,4666.684842702445,4978.007464989863,-1
2011-07-28 09:00:00+08:06,duotou,4902.0,4927.0,4944.0,4881.0,291630.0,1463990,0.0,4679.452731920899,4983.162652694486,-1
2011-07-29 09:00:00+08:06,duotou,4944.0,4919.0,4944.0,4915.0,284074.0,759400,88.0,4688.144184319621,4988.7019695265335,1
2011-08-01 09:00:00+08:06,duotou,4933.0,4950.0,4968.0,4929.0,329602.0,1544820,88.0,4697.046603361423,4996.645704330886,1
2011-08-02 09:00:00+08:06,duotou,4949.0,4945.0,4956.0,4940.0,338820.0,961080,88.0,4713.1497330944985,4999.081036136271,1
2011-08-03 09:00:00+08:06,duotou,4942.0,4942.0,4966.0,4936.0,361182.0,1235720,88.0,4731.859849608397,4998.524765776218,1
2011-08-04 09:00:00+08:06,duotou,4940.0,4924.0,4943.0,4922.0,377476.0,1021760,88.0,4749.938131414486,4995.677253200899,1
2011-08-05 09:00:00+08:06,panzhen,4884.0,4807.0,4884.0,4803.0,345060.0,2257950,0.0,4758.533255043319,4991.235975725912,1
2011-08-08 09:00:00+08:06,kongtou,4773.0,4782.0,4805.0,4758.0,331082.0,2213960,0.0,4770.098534808624,4983.9783882683,1
2011-08-09 09:00:00+08:06,kongtou,4700.0,4765.0,4780.0,4558.0,330744.0,3573130,0.0,4765.318196895498,4986.681803104502,1
2011-08-10 09:00:00+08:06,kongtou,4791.0,4790.0,4819.0,4765.0,338218.0,1575720,0.0,4765.637349516103,4986.516496637742,1
2011-08-11 09:00:00+08:06,kongtou,4740.0,4799.0,4809.0,4730.0,350220.0,2025260,0.0,4763.871027527046,4987.2828186268,1
2011-08-12 09:00:00+08:06,kongtou,4815.0,4809.0,4829.0,4802.0,345042.0,1328140,0.0,4764.001935021852,4987.228834208918,1
2011-08-15 09:00:00+08:06,kongtou,4823.0,4854.0,4855.0,4823.0,342508.0,1461360,0.0,4768.694403634969,4986.074827134262,1
2011-08-16 09:00:00+08:06,kongtou,4865.0,4833.0,4870.0,4822.0,367796.0,1777010,0.0,4767.039217276486,4986.2684750312055,1
2011-08-17 09:00:00+08:06,kongtou,4831.0,4863.0,4865.0,4831.0,345084.0,1389730,0.0,4767.836170006454,4986.394599224315,1
2011-08-18 09:00:00+08:06,kongtou,4871.0,4830.0,4874.0,4826.0,361206.0,1564860,0.0,4764.246940829586,4985.599213016569,1
2011-08-19 09:00:00+08:06,kongtou,4797.0,4814.0,4818.0,4791.0,366976.0,1496170,0.0,4759.559616054737,4985.824999329879,1
2011-08-22 09:00:00+08:06,kongtou,4818.0,4816.0,4845.0,4808.0,345502.0,1288830,0.0,4755.3591719379265,4985.794674215919,1
2011-08-23 09:00:00+08:06,kongtou,4828.0,4821.0,4836.0,4808.0,350814.0,1184340,0.0,4751.4333843592285,4983.489692563848,1
2011-08-24 09:00:00+08:06,kongtou,4830.0,4822.0,4843.0,4821.0,347002.0,835650,0.0,4748.205580753203,4979.563650016027,1
2011-08-25 09:00:00+08:06,kongtou,4819.0,4816.0,4827.0,4790.0,371032.0,1647490,-80.0,4745.054537680385,4974.714693088846,-1
2011-08-26 09:00:00+08:06,kongtou,4820.0,4800.0,4822.0,4788.0,374306.0,1362680,-80.0,4740.525110113961,4970.551812962963,-1
2011-08-29 09:00:00+08:06,kongtou,4800.0,4768.0,4800.0,4762.0,450478.0,2103120,-80.0,4733.229426965201,4965.770573034799,-1
2011-08-30 09:00:00+08:06,kongtou,4774.0,4810.0,4818.0,4772.0,387580.0,2052640,-80.0,4730.237445979683,4963.531784789548,-1
2011-08-31 09:00:00+08:06,kongtou,4813.0,4831.0,4838.0,4812.0,352384.0,1448490,-80.0,4729.343123544086,4959.272261071299,-1
2011-09-01 09:00:00+08:06,kongtou,4834.0,4829.0,4842.0,4821.0,350956.0,1101540,-80.0,4729.463872703485,4952.536127296515,-1
2011-09-02 09:00:00+08:06,kongtou,4825.0,4832.0,4833.0,4812.0,351100.0,970500,-80.0,4731.225841417118,4943.46646627519,-1
2011-09-05 09:00:00+08:06,panzhen,4828.0,4800.0,4839.0,4780.0,353730.0,1581710,0.0,4730.952944188834,4934.585517349627,-1
2011-09-06 09:00:00+08:06,panzhen,4797.0,4794.0,4800.0,4783.0,379026.0,1455550,0.0,4735.448481265358,4918.089980273103,-1
2011-09-07 09:00:00+08:06,panzhen,4802.0,4825.0,4835.0,4802.0,335348.0,1168620,0.0,4744.024382967659,4900.283309340032,-1
2011-09-08 09:00:00+08:06,panzhen,4838.0,4803.0,4838.0,4801.0,328512.0,869360,0.0,4754.867226521825,4878.74815809356,-1
2011-09-09 09:00:00+08:06,panzhen,4799.0,4791.0,4812.0,4788.0,372096.0,1512160,0.0,4766.231354943191,4857.153260441424,-1
2011-09-13 09:00:00+08:06,panzhen,4775.0,4783.0,4798.0,4767.0,373752.0,1258710,0.0,4764.008604030101,4857.52985750836,-1
2011-09-14 09:00:00+08:06,kongtou,4790.0,4760.0,4796.0,4744.0,403682.0,1829350,0.0,4760.39632245359,4859.449831392564,-1
2011-09-15 09:00:00+08:06,kongtou,4764.0,4744.0,4769.0,4738.0,443436.0,1590980,0.0,4756.120967135584,4862.109802095186,-1
2011-09-16 09:00:00+08:06,kongtou,4752.0,4732.0,4759.0,4721.0,462024.0,1633440,0.0,4746.492749087974,4867.276481681257,-1
2011-09-19 09:00:00+08:06,kongtou,4700.0,4622.0,4709.0,4614.0,576692.0,2803030,0.0,4706.743899690475,4893.409946463371,-1
2011-09-20 09:00:00+08:06,kongtou,4622.0,4611.0,4622.0,4585.0,587802.0,2292390,0.0,4674.280151446943,4910.642925476133,-1
2011-09-21 09:00:00+08:06,kongtou,4602.0,4633.0,4650.0,4598.0,555024.0,2570270,0.0,4653.5497872575725,4914.373289665504,-1
2011-09-22 09:00:00+08:06,kongtou,4590.0,4568.0,4603.0,4555.0,576086.0,2399810,0.0,4620.808393456211,4926.73006808225,-1
2011-09-23 09:00:00+08:06,kongtou,4480.0,4514.0,4549.0,4456.0,529596.0,3939460,0.0,4581.928370748651,4938.763936943657,-1
2011-09-26 09:00:00+08:06,kongtou,4507.0,4398.0,4522.0,4367.0,551898.0,3688760,0.0,4519.718710700772,4967.742827760767,-1
2011-09-27 09:00:00+08:06,kongtou,4490.0,4448.0,4490.0,4420.0,501436.0,3423170,0.0,4480.487270850235,4978.820421457456,-1
2011-09-28 09:00:00+08:06,kongtou,4460.0,4403.0,4469.0,4387.0,510834.0,2836020,0.0,4437.465992840413,4990.072468698048,-1
2011-09-29 09:00:00+08:06,kongtou,4293.0,4298.0,4348.0,4282.0,492928.0,2944750,0.0,4378.13769159594,5009.1700007117515,-1
2011-09-30 09:00:00+08:06,kongtou,4315.0,4339.0,4352.0,4290.0,490908.0,2985830,0.0,4335.980420780258,5014.173425373588,-1
2011-10-10 09:00:00+08:06,kongtou,4370.0,4317.0,4372.0,4308.0,506172.0,1828540,0.0,4295.074702966158,5016.694527803073,-1
2011-10-11 09:00:00+08:06,kongtou,4340.0,4322.0,4390.0,4317.0,523834.0,3249700,0.0,4259.628125092433,5015.371874907567,-1
2011-10-12 09:00:00+08:06,kongtou,4305.0,4350.0,4354.0,4255.0,512508.0,3775550,0.0,4231.74424542724,5011.101908418915,-1
2011-10-13 09:00:00+08:06,kongtou,4347.0,4318.0,4350.0,4302.0,539522.0,3002730,0.0,4203.613762121038,5001.386237878962,-1
2011-10-14 09:00:00+08:06,kongtou,4300.0,4314.0,4340.0,4288.0,546878.0,3221560,0.0,4179.749468030773,4985.481301199997,-1
2011-10-17 09:00:00+08:06,kongtou,4312.0,4178.0,4324.0,4172.0,761038.0,7492960,0.0,4138.481863885021,4976.671982268825,-1
2011-10-18 09:00:00+08:06,kongtou,4153.0,4089.0,4163.0,4088.0,668088.0,6936000,0.0,4087.902069132725,4970.097930867275,-1
2011-10-19 09:00:00+08:06,kongtou,4120.0,4047.0,4123.0,4015.0,687726.0,7544230,0.0,4035.6508645500426,4964.426058526881,-1
2011-10-20 09:00:00+08:06,kongtou,4000.0,3922.0,4000.0,3839.0,667820.0,11638910,0.0,3967.2340002948968,4965.765999705103,-1
2011-10-21 09:00:00+08:06,kongtou,3920.0,3957.0,3981.0,3920.0,639122.0,7463210,0.0,3918.360378834647,4947.870390396123,-1
2011-10-24 09:00:00+08:06,kongtou,3996.0,4066.0,4116.0,3955.0,590576.0,7635900,0.0,3893.452587133234,4916.0858744052275,-1
2011-10-25 09:00:00+08:06,kongtou,4090.0,4021.0,4129.0,4016.0,637882.0,10672150,0.0,3867.5665842939907,4882.741108013701,-1
2011-10-26 09:00:00+08:06,kongtou,4004.0,4039.0,4042.0,3993.0,579486.0,6601860,0.0,3850.389839025724,4842.6870840512,-1
2011-10-27 09:00:00+08:06,kongtou,4050.0,4040.0,4069.0,4026.0,555452.0,4382830,0.0,3837.959251323605,4799.733056368704,-1
2011-10-28 09:00:00+08:06,kongtou,4099.0,4123.0,4145.0,4049.0,582662.0,9054800,0.0,3839.9202112532703,4750.002865669806,-1
2011-10-31 09:00:00+08:06,kongtou,4133.0,4123.0,4158.0,4070.0,564216.0,6070870,0.0,3847.2362358806004,4695.840687196323,-1
2011-11-01 09:00:00+08:06,kongtou,4130.0,4055.0,4130.0,4052.0,543542.0,5733480,0.0,3841.750544335848,4657.710994125691,-1
2011-11-02 09:00:00+08:06,kongtou,4020.0,4065.0,4065.0,3966.0,443858.0,4481540,-27.0,3841.6201479142283,4615.841390547311,-1
2011-11-03 09:00:00+08:06,kongtou,4020.0,4006.0,4053.0,3989.0,610550.0,5616880,-27.0,3844.0367569271098,4565.194012303659,-1
2011-11-04 09:00:00+08:06,kongtou,4040.0,4121.0,4129.0,4034.0,557462.0,6315620,-27.0,3856.3715247782293,4518.474629067925,-1
2011-11-07 09:00:00+08:06,kongtou,4116.0,4106.0,4140.0,4087.0,558058.0,5064510,-27.0,3866.4079601393587,4477.05357832218,-1
2011-11-08 09:00:00+08:06,kongtou,4123.0,4141.0,4151.0,4099.0,588526.0,4953740,-27.0,3870.1272732000302,4453.565034492279,-1
2011-11-09 09:00:00+08:06,panzhen,4151.0,4161.0,4179.0,4135.0,643116.0,5582960,0.0,3882.45143126608,4419.163953349305,-1
2011-11-10 09:00:00+08:06,panzhen,4100.0,4050.0,4108.0,4000.0,671870.0,6842630,0.0,3886.1204302025612,4388.341108258977,-1
2011-11-11 09:00:00+08:06,panzhen,4074.0,4149.0,4155.0,4070.0,623586.0,5918210,0.0,3888.6627642289436,4374.337235771057,-1
2011-11-14 09:00:00+08:06,panzhen,4180.0,4189.0,4218.0,4170.0,634106.0,5656180,0.0,3896.119353210438,4355.342185251101,-1
2011-11-15 09:00:00+08:06,panzhen,4162.0,4157.0,4180.0,4150.0,663378.0,4112880,0.0,3902.5698880424443,4336.583958111401,-1
2011-11-16 09:00:00+08:06,panzhen,4169.0,4134.0,4209.0,4128.0,697734.0,4809390,0.0,3910.82429604514,4313.868011647169,-1
2011-11-17 09:00:00+08:06,panzhen,4150.0,4178.0,4185.0,4130.0,646612.0,4150370,0.0,3925.702944293983,4285.758594167556,-1
2011-11-18 09:00:00+08:06,panzhen,4119.0,4154.0,4167.0,4101.0,631848.0,3755970,0.0,3939.181746350539,4259.664407495615,-1
2011-11-21 09:00:00+08:06,panzhen,4150.0,4086.0,4156.0,4055.0,788422.0,7007070,0.0,3955.325251975222,4225.98244033247,-1
2011-11-22 09:00:00+08:06,panzhen,4051.0,4089.0,4091.0,4040.0,766244.0,4547340,0.0,3956.4881475035713,4217.973390957966,-1
2011-11-23 09:00:00+08:06,panzhen,4089.0,4039.0,4104.0,4035.0,821198.0,4422000,0.0,3953.261349358006,4217.354035257379,-1
2011-11-24 09:00:00+08:06,panzhen,4020.0,4073.0,4079.0,3995.0,794762.0,6427010,0.0,3955.0454542194675,4217.569930395917,-1
2011-11-25 09:00:00+08:06,panzhen,4059.0,4045.0,4069.0,4028.0,798492.0,4017650,0.0,3975.932516000319,4206.144407076604,-1
2011-11-28 09:00:00+08:06,panzhen,4061.0,4084.0,4101.0,4051.0,781192.0,3945170,0.0,3993.9548721095334,4197.891281736621,-1
2011-11-29 09:00:00+08:06,panzhen,4090.0,4125.0,4132.0,4086.0,704976.0,5395010,0.0,3996.3628586788045,4200.021756705811,-1
2011-11-30 09:00:00+08:06,panzhen,4126.0,4075.0,4139.0,4070.0,727588.0,4977650,0.0,4002.7089019901355,4197.829559548325,-1
2011-12-01 09:00:00+08:06,duotou,4222.0,4174.0,4247.0,4156.0,696346.0,5113930,0.0,4007.1304951290626,4203.792581794014,-1
2011-12-02 09:00:00+08:06,duotou,4158.0,4163.0,4168.0,4139.0,677270.0,3731260,0.0,4013.0864665770696,4207.298148807546,-1
2011-12-05 09:00:00+08:06,duotou,4161.0,4164.0,4177.0,4157.0,677940.0,2773200,0.0,4012.5735303470187,4210.964931191443,-1
2011-12-06 09:00:00+08:06,duotou,4160.0,4160.0,4162.0,4125.0,700240.0,3299010,0.0,4012.3450976995605,4214.039517685055,-1
2011-12-07 09:00:00+08:06,duotou,4174.0,4182.0,4183.0,4156.0,675364.0,2528690,0.0,4016.6760839407857,4219.47776221306,-1
2011-12-08 09:00:00+08:06,duotou,4170.0,4176.0,4178.0,4153.0,646684.0,2724130,0.0,4020.8967465116857,4223.795561180623,-1
2011-12-09 09:00:00+08:06,duotou,4151.0,4169.0,4179.0,4151.0,658106.0,2515310,0.0,4037.0342697952196,4220.196499435549,-1
2011-12-12 09:00:00+08:06,duotou,4180.0,4168.0,4180.0,4152.0,666992.0,2865360,0.0,4037.666699448958,4223.179454397196,-1
2011-12-13 09:00:00+08:06,duotou,4151.0,4151.0,4159.0,4133.0,679584.0,3041870,0.0,4039.6058256742626,4224.701866633429,-1
2011-12-14 09:00:00+08:06,panzhen,4141.0,4153.0,4162.0,4131.0,686318.0,2275240,0.0,4039.776273289908,4225.454495940861,-1
2011-12-15 09:00:00+08:06,panzhen,4100.0,4124.0,4138.0,4100.0,702476.0,3434960,0.0,4039.0051748828664,4223.379440501749,-1
2011-12-16 09:00:00+08:06,panzhen,4131.0,4189.0,4190.0,4128.0,706494.0,3992220,0.0,4047.7461701731877,4225.330752903736,-1
2011-12-19 09:00:00+08:06,panzhen,4189.0,4170.0,4189.0,4154.0,684474.0,3294060,0.0,4047.7368440488995,4226.9554636434095,-1
2011-12-20 09:00:00+08:06,panzhen,4169.0,4174.0,4182.0,4161.0,698906.0,2466030,0.0,4048.3118395620463,4225.226621976415,-1
2011-12-21 09:00:00+08:06,panzhen,4197.0,4184.0,4204.0,4184.0,715226.0,1047270,0.0,4047.8042406973777,4227.811143918007,-1
2011-12-22 09:00:00+08:06,panzhen,4181.0,4206.0,4208.0,4168.0,698516.0,2769730,0.0,4046.858567470736,4234.295278683109,-1
2011-12-23 09:00:00+08:06,panzhen,4208.0,4226.0,4231.0,4201.0,682206.0,3654910,0.0,4044.053017255265,4240.793136590889,-1
2011-12-26 09:00:00+08:06,duotou,4225.0,4226.0,4243.0,4219.0,655242.0,3065120,0.0,4041.7514747627447,4248.633140621871,-1
2011-12-27 09:00:00+08:06,duotou,4229.0,4235.0,4243.0,4225.0,655136.0,2168850,0.0,4044.7607584206207,4257.0853954255335,-1
2011-12-28 09:00:00+08:06,duotou,4238.0,4236.0,4243.0,4218.0,630046.0,2578330,0.0,4048.5667055019176,4264.587140651928,-1
2011-12-29 09:00:00+08:06,duotou,4220.0,4201.0,4233.0,4198.0,621264.0,2494690,0.0,4064.381586904413,4261.233797710972,-1
2011-12-30 09:00:00+08:06,duotou,4202.0,4210.0,4214.0,4186.0,615478.0,3291970,0.0,4074.918789401801,4261.235056752045,-1
2012-01-04 09:00:00+08:06,panzhen,4235.0,4159.0,4235.0,4158.0,700316.0,3751880,0.0,4093.191346626137,4251.7317302969395,-1
2012-01-05 09:00:00+08:06,panzhen,4153.0,4178.0,4194.0,4146.0,706862.0,3379560,0.0,4105.138329746584,4247.015516407262,-1
2012-01-06 09:00:00+08:06,panzhen,4168.0,4196.0,4196.0,4163.0,663620.0,2600990,0.0,4110.5276823244885,4247.087702290896,-1
2012-01-09 09:00:00+08:06,panzhen,4187.0,4185.0,4192.0,4160.0,680172.0,2867120,0.0,4128.829518849577,4237.247404227347,-1
2012-01-10 09:00:00+08:06,panzhen,4185.0,4215.0,4217.0,4175.0,654236.0,2395530,0.0,4129.178443521347,4240.052325709423,-1
2012-01-11 09:00:00+08:06,panzhen,4227.0,4224.0,4233.0,4206.0,642846.0,2096680,0.0,4130.234172201036,4243.68890472204,-1
2012-01-12 09:00:00+08:06,panzhen,4223.0,4223.0,4231.0,4211.0,623656.0,1639420,0.0,4131.645226995392,4246.816311466147,-1
2012-01-13 09:00:00+08:06,panzhen,4230.0,4229.0,4234.0,4213.0,615220.0,1728100,0.0,4133.5768723360725,4250.192358433158,-1
2012-01-16 09:00:00+08:06,panzhen,4210.0,4240.0,4245.0,4205.0,566390.0,1932780,0.0,4133.115190610513,4255.115578620256,-1
2012-01-17 09:00:00+08:06,duotou,4243.0,4295.0,4314.0,4242.0,524682.0,3056260,0.0,4126.911081882923,4270.473533501692,-1
2012-01-18 09:00:00+08:06,duotou,4296.0,4301.0,4321.0,4287.0,504012.0,2211450,0.0,4122.997362680412,4284.541098858049,-1
2012-01-19 09:00:00+08:06,duotou,4310.0,4310.0,4319.0,4299.0,463212.0,1097440,0.0,4120.101118302795,4298.360420158744,-1
2012-01-20 09:00:00+08:06,duotou,4310.0,4323.0,4334.0,4298.0,435502.0,1464850,0.0,4119.728129749757,4311.964177942552,-1
2012-01-30 09:00:00+08:06,duotou,4335.0,4320.0,4347.0,4317.0,465236.0,1098870,0.0,4121.596787526739,4322.941674011722,-1
2012-01-31 09:00:00+08:06,duotou,4320.0,4297.0,4325.0,4260.0,507670.0,2050660,0.0,4132.324107224924,4325.52204662123,-1
2012-02-01 09:00:00+08:06,duotou,4288.0,4285.0,4302.0,4284.0,508090.0,1496060,0.0,4135.068430362454,4330.162338868316,-1
2012-02-02 09:00:00+08:06,duotou,4294.0,4318.0,4320.0,4291.0,544700.0,1749130,0.0,4138.787660724203,4337.827723891181,-1
2012-02-03 09:00:00+08:06,duotou,4318.0,4332.0,4332.0,4310.0,527582.0,1300840,0.0,4142.057723027816,4346.711507741415,-1
2012-02-06 09:00:00+08:06,duotou,4340.0,4330.0,4349.0,4323.0,525090.0,1617800,86.0,4145.542426720743,4354.457573279257,1
2012-02-07 09:00:00+08:06,duotou,4330.0,4274.0,4335.0,4272.0,576332.0,3148580,0.0,4149.296495251436,4355.934273979334,1
2012-02-08 09:00:00+08:06,duotou,4284.0,4337.0,4342.0,4279.0,560084.0,3243030,0.0,4149.235145882725,4364.534084886505,1
2012-02-09 09:00:00+08:06,duotou,4328.0,4297.0,4337.0,4291.0,536830.0,2920340,0.0,4151.6366446523325,4367.594124578437,1
2012-02-10 09:00:00+08:06,duotou,4300.0,4286.0,4313.0,4282.0,582990.0,2653640,0.0,4153.605170251029,4369.548675902816,1
2012-02-13 09:00:00+08:06,panzhen,4267.0,4261.0,4278.0,4240.0,611924.0,2818780,0.0,4155.0507437868655,4370.026179290058,1
2012-02-14 09:00:00+08:06,panzhen,4250.0,4252.0,4265.0,4247.0,627824.0,1742020,0.0,4159.749380394693,4369.250619605307,1
2012-02-15 09:00:00+08:06,panzhen,4253.0,4189.0,4256.0,4187.0,744456.0,4709290,0.0,4156.967976632169,4370.4166387524465,1
2012-02-16 09:00:00+08:06,kongtou,4175.0,4169.0,4188.0,4155.0,727332.0,4051120,0.0,4158.802303333434,4369.351542820412,1
2012-02-17 09:00:00+08:06,kongtou,4183.0,4157.0,4191.0,4148.0,715732.0,3345400,0.0,4155.083411006913,4371.455050531548,1
2012-02-20 09:00:00+08:06,kongtou,4190.0,4178.0,4190.0,4168.0,717338.0,2413050,0.0,4152.4648499919795,4372.688996161866,1
2012-02-21 09:00:00+08:06,kongtou,4180.0,4228.0,4228.0,4172.0,644934.0,3927770,0.0,4157.5921881156855,4370.8693503458535,1
2012-02-22 09:00:00+08:06,kongtou,4230.0,4251.0,4258.0,4222.0,575884.0,2854990,0.0,4160.64787766787,4370.5828915629,1
2012-02-23 09:00:00+08:06,kongtou,4248.0,4237.0,4255.0,4225.0,548332.0,2053770,0.0,4161.823889390162,4370.406879840608,1
2012-02-24 09:00:00+08:06,kongtou,4231.0,4234.0,4239.0,4215.0,548120.0,1776610,0.0,4162.86258975279,4370.214333324134,1
2012-02-27 09:00:00+08:06,panzhen,4252.0,4278.0,4289.0,4251.0,507470.0,1715970,0.0,4165.768805661328,4371.077348184826,1
2012-02-28 09:00:00+08:06,panzhen,4285.0,4291.0,4297.0,4267.0,407594.0,1544220,0.0,4168.029160946391,4372.740069822839,1
2012-02-29 09:00:00+08:06,panzhen,4286.0,4295.0,4305.0,4270.0,435168.0,2068220,0.0,4168.029160946391,4372.740069822839,1
2012-03-01 09:00:00+08:06,panzhen,4281.0,4281.0,4310.0,4276.0,455702.0,2670070,0.0,4167.893173255115,4371.337595975655,1
2012-03-02 09:00:00+08:06,panzhen,4294.0,4299.0,4307.0,4286.0,465446.0,2281770,0.0,4168.055661011764,4370.3289543728515,1
2012-03-05 09:00:00+08:06,panzhen,4295.0,4267.0,4309.0,4251.0,551168.0,3345450,0.0,4168.21853086547,4365.858392211454,1
2012-03-06 09:00:00+08:06,panzhen,4269.0,4268.0,4282.0,4256.0,539444.0,2681710,0.0,4168.508704039422,4361.568219037502,1
2012-03-07 09:00:00+08:06,panzhen,4238.0,4253.0,4259.0,4230.0,564836.0,2423210,0.0,4167.577293791277,4359.1150139010315,1
2012-03-08 09:00:00+08:06,panzhen,4264.0,4281.0,4291.0,4264.0,569716.0,2816290,0.0,4167.550316221233,4358.834299163383,1
2012-03-09 09:00:00+08:06,panzhen,4291.0,4319.0,4325.0,4291.0,577316.0,3060930,0.0,4167.4998841056085,4358.9616543559305,1
2012-03-12 09:00:00+08:06,panzhen,4331.0,4335.0,4339.0,4318.0,576982.0,2341910,0.0,4167.277360693815,4359.414946998493,1
2012-03-13 09:00:00+08:06,panzhen,4335.0,4341.0,4347.0,4332.0,593444.0,1961530,0.0,4166.441382446251,4361.09707909221,1
2012-03-14 09:00:00+08:06,panzhen,4359.0,4325.0,4359.0,4313.0,616210.0,3381620,0.0,4165.640721016823,4365.820817444716,1
2012-03-15 09:00:00+08:06,panzhen,4321.0,4337.0,4340.0,4310.0,612814.0,2640890,0.0,4165.640721016823,4365.820817444716,1
2012-03-16 09:00:00+08:06,panzhen,4348.0,4335.0,4352.0,4318.0,621602.0,2587000,0.0,4164.249426994352,4370.1351883902635,1
2012-03-19 09:00:00+08:06,panzhen,4331.0,4343.0,4346.0,4324.0,636916.0,2164220,0.0,4162.577705606537,4376.191525162693,1
2012-03-20 09:00:00+08:06,panzhen,4346.0,4333.0,4353.0,4327.0,623888.0,2263430,0.0,4162.660337659574,4381.6473546481175,1
2012-03-21 09:00:00+08:06,panzhen,4326.0,4358.0,4358.0,4325.0,667340.0,2940370,0.0,4162.241150685576,4390.220387775963,1
2012-03-22 09:00:00+08:06,panzhen,4358.0,4355.0,4366.0,4346.0,674628.0,3295840,0.0,4170.301159304894,4394.929609925875,1
2012-03-23 09:00:00+08:06,panzhen,4352.0,4347.0,4355.0,4338.0,680868.0,2112040,0.0,4184.205468628518,4394.717608294558,1
2012-03-26 09:00:00+08:06,panzhen,4350.0,4354.0,4361.0,4345.0,678352.0,1861680,0.0,4203.280211408423,4390.7967116685,1
2012-03-27 09:00:00+08:06,panzhen,4362.0,4367.0,4371.0,4355.0,671392.0,2038670,0.0,4219.73679491161,4388.878589703775,1
2012-03-28 09:00:00+08:06,panzhen,4365.0,4345.0,4368.0,4345.0,674062.0,2259500,0.0,4228.619415338385,4388.995969277,1
2012-03-29 09:00:00+08:06,panzhen,4336.0,4320.0,4337.0,4313.0,672526.0,2506510,0.0,4234.603566012365,4388.319510910711,1
2012-03-30 09:00:00+08:06,panzhen,4319.0,4324.0,4333.0,4314.0,633168.0,1729630,0.0,4243.860216110876,4385.755168504509,1
2012-04-05 09:00:00+08:06,panzhen,4318.0,4354.0,4366.0,4291.0,625232.0,3027320,0.0,4254.76974557472,4384.076408271434,1
2012-04-06 09:00:00+08:06,duotou,4356.0,4385.0,4387.0,4353.0,661546.0,2748820,0.0,4256.382544749611,4390.694378327313,1
2012-04-09 09:00:00+08:06,duotou,4379.0,4379.0,4402.0,4371.0,683320.0,2872780,0.0,4257.825769668619,4396.020384177536,1
2012-04-10 09:00:00+08:06,duotou,4373.0,4384.0,4393.0,4373.0,689470.0,1972840,0.0,4259.1283032151505,4401.564004477158,1
2012-04-11 09:00:00+08:06,duotou,4361.0,4377.0,4383.0,4361.0,693124.0,2617760,0.0,4263.485740892698,4404.5911821842255,1
2012-04-12 09:00:00+08:06,duotou,4378.0,4392.0,4399.0,4378.0,706234.0,2314660,0.0,4265.127556622709,4410.103212608061,1
2012-04-13 09:00:00+08:06,duotou,4401.0,4377.0,4405.0,4369.0,724314.0,3107410,0.0,4273.623233475567,4410.069074216742,1
2012-04-16 09:00:00+08:06,panzhen,4353.0,4329.0,4362.0,4328.0,741412.0,2973540,0.0,4282.396068745833,4405.988546638782,1
2012-04-17 09:00:00+08:06,panzhen,4335.0,4322.0,4344.0,4318.0,797950.0,2384420,0.0,4295.983768446776,4397.708539245533,1
2012-04-18 09:00:00+08:06,panzhen,4331.0,4342.0,4348.0,4321.0,772084.0,2822330,0.0,4305.585606616694,4392.799008767921,1
2012-04-19 09:00:00+08:06,kongtou,4332.0,4315.0,4338.0,4304.0,806406.0,3025780,0.0,4304.980874156598,4393.096048920326,1
2012-04-20 09:00:00+08:06,kongtou,4312.0,4313.0,4325.0,4298.0,777478.0,2930820,0.0,4302.282633060019,4394.101982324596,1
2012-04-23 09:00:00+08:06,kongtou,4315.0,4281.0,4315.0,4277.0,824890.0,3327190,0.0,4293.225108468515,4398.544122300716,1
2012-04-24 09:00:00+08:06,kongtou,4278.0,4270.0,4291.0,4259.0,837318.0,2638760,0.0,4283.986784947629,4403.551676590832,1
2012-04-25 09:00:00+08:06,kongtou,4273.0,4274.0,4276.0,4251.0,843210.0,2792480,0.0,4275.830583629456,4406.861724062853,1
2012-04-26 09:00:00+08:06,kongtou,4275.0,4290.0,4290.0,4271.0,815718.0,2094310,0.0,4271.206935017929,4408.0238342128405,1
2012-04-27 09:00:00+08:06,kongtou,4294.0,4269.0,4298.0,4268.0,822962.0,1766550,0.0,4263.198108314963,4410.340353223498,1
2012-05-02 09:00:00+08:06,kongtou,4275.0,4245.0,4284.0,4245.0,887738.0,2418450,0.0,4251.773762178984,4414.995468590247,1
2012-05-03 09:00:00+08:06,kongtou,4238.0,4239.0,4251.0,4234.0,919550.0,2668410,0.0,4240.185730746225,4417.42965386916,1
2012-05-04 09:00:00+08:06,kongtou,4236.0,4256.0,4256.0,4233.0,889260.0,2090510,0.0,4232.772855656047,4417.227144343953,1
2012-05-07 09:00:00+08:06,kongtou,4239.0,4221.0,4244.0,4215.0,898932.0,2039230,0.0,4220.146627479424,4420.161064828268,1
2012-05-08 09:00:00+08:06,kongtou,4226.0,4213.0,4233.0,4210.0,911356.0,1859250,0.0,4207.613927644256,4421.847610817283,1
2012-05-09 09:00:00+08:06,kongtou,4203.0,4186.0,4209.0,4170.0,899800.0,2904700,0.0,4191.970588964634,4423.567872573827,1
2012-05-10 09:00:00+08:06,kongtou,4202.0,4190.0,4202.0,4180.0,894218.0,1664120,0.0,4178.569312632944,4425.0460719824405,1
2012-05-11 09:00:00+08:06,kongtou,4187.0,4150.0,4188.0,4148.0,861212.0,2463060,0.0,4159.213181580975,4431.325279957486,1
2012-05-14 09:00:00+08:06,kongtou,4169.0,4135.0,4173.0,4133.0,947592.0,3729450,0.0,4139.256545069678,4436.743454930322,1
2012-05-15 09:00:00+08:06,kongtou,4128.0,4090.0,4128.0,4055.0,925666.0,4622930,0.0,4113.30605603725,4442.386251655059,1
2012-05-16 09:00:00+08:06,kongtou,4070.0,4050.0,4098.0,4050.0,937712.0,3036630,0.0,4084.3246474604225,4445.598429462654,1
2012-05-17 09:00:00+08:06,kongtou,4052.0,4092.0,4094.0,4052.0,852884.0,3190470,0.0,4067.5257155379086,4440.320438308246,1
2012-05-18 09:00:00+08:06,kongtou,4079.0,4074.0,4083.0,4052.0,851364.0,3432760,0.0,4050.8126170883434,4433.187382911657,1
2012-05-21 09:00:00+08:06,kongtou,4074.0,4090.0,4099.0,4070.0,837528.0,3030780,0.0,4039.0869955000144,4422.836081423062,1
2012-05-22 09:00:00+08:06,kongtou,4099.0,4074.0,4112.0,4061.0,879042.0,4049080,0.0,4028.946634616018,4408.514903845521,1
2012-05-23 09:00:00+08:06,kongtou,4050.0,4019.0,4050.0,3997.0,931882.0,5214250,-40.0,4011.2007972055108,4398.7222797175655,-1
2012-05-24 09:00:00+08:06,kongtou,4015.0,4026.0,4028.0,4003.0,921992.0,3276030,-40.0,3994.410139063871,4392.205245551514,-1
2012-05-25 09:00:00+08:06,kongtou,4030.0,4037.0,4043.0,4011.0,892400.0,2623750,-40.0,3981.62135770237,4383.0709499899385,-1
2012-05-28 09:00:00+08:06,kongtou,4039.0,4089.0,4095.0,4034.0,865698.0,4817740,-40.0,3979.4036021086886,4365.827167122081,-1
2012-05-29 09:00:00+08:06,kongtou,4080.0,4115.0,4118.0,4072.0,833710.0,5150310,-40.0,3979.2194892216176,4350.626664624537,-1
2012-05-30 09:00:00+08:06,kongtou,4095.0,4100.0,4109.0,4087.0,813640.0,4321220,-40.0,3979.2695642029266,4334.191974258612,-1
2012-05-31 09:00:00+08:06,kongtou,4070.0,4103.0,4119.0,4067.0,807896.0,4869750,-40.0,3978.498118364135,4321.271112405096,-1
2012-06-01 09:00:00+08:06,kongtou,4100.0,4095.0,4115.0,4087.0,830054.0,4720030,-40.0,3977.515972086779,4308.791720220913,-1
2012-06-04 09:00:00+08:06,kongtou,4068.0,4033.0,4075.0,4020.0,860760.0,6157940,-40.0,3971.6347350498922,4296.134495719338,-1
2012-06-05 09:00:00+08:06,kongtou,4060.0,4084.0,4103.0,4049.0,733542.0,4861120,-40.0,3975.272372122066,4276.65070480101,-1
2012-06-06 09:00:00+08:06,kongtou,4085.0,4096.0,4113.0,4080.0,724412.0,4425090,-40.0,3979.5917505590933,4259.0236340562915,-1
2012-06-07 09:00:00+08:06,panzhen,4111.0,4102.0,4130.0,4096.0,706388.0,3894820,0.0,3983.36581697529,4244.249567640095,-1
2012-06-08 09:00:00+08:06,panzhen,4105.0,4108.0,4129.0,4094.0,739728.0,5956480,0.0,3988.322232923917,4229.216228614544,-1
2012-06-11 09:00:00+08:06,panzhen,4125.0,4123.0,4142.0,4114.0,725218.0,3706030,0.0,3998.301773693917,4209.005918613775,-1
2012-06-12 09:00:00+08:06,panzhen,4103.0,4100.0,4110.0,4081.0,720776.0,3563990,0.0,4004.6813910195874,4193.318608980413,-1
2012-06-13 09:00:00+08:06,panzhen,4107.0,4102.0,4113.0,4096.0,702018.0,2669980,0.0,4012.1166380269315,4177.344900434607,-1
2012-06-14 09:00:00+08:06,panzhen,4097.0,4110.0,4118.0,4090.0,671926.0,2407090,0.0,4017.3413463090724,4166.274038306312,-1
2012-06-15 09:00:00+08:06,panzhen,4119.0,4122.0,4127.0,4112.0,642464.0,2045800,0.0,4024.5798077566355,4153.80480762798,-1
2012-06-18 09:00:00+08:06,panzhen,4132.0,4129.0,4139.0,4123.0,666680.0,1824520,0.0,4026.359615652901,4150.409615116329,-1
2012-06-19 09:00:00+08:06,panzhen,4125.0,4126.0,4132.0,4120.0,635290.0,1280690,0.0,4026.964784042786,4149.112139034137,-1
2012-06-20 09:00:00+08:06,duotou,4130.0,4143.0,4151.0,4130.0,636454.0,2416110,0.0,4025.4432260380586,4154.710620115788,-1
2012-06-21 09:00:00+08:06,duotou,4128.0,4118.0,4137.0,4115.0,585392.0,1899690,0.0,4029.265137511369,4156.119477873246,-1
2012-06-25 09:00:00+08:06,duotou,4102.0,4107.0,4119.0,4095.0,604280.0,2315210,0.0,4029.6053110458115,4156.93315049265,-1
2012-06-26 09:00:00+08:06,panzhen,4112.0,4076.0,4113.0,4074.0,713346.0,3089820,0.0,4029.770778091305,4156.9215296010025,-1
2012-06-27 09:00:00+08:06,panzhen,4080.0,4063.0,4080.0,4060.0,768006.0,2424180,0.0,4027.6743614665693,4156.9410231488155,-1
2012-06-28 09:00:00+08:06,panzhen,4067.0,4085.0,4086.0,4067.0,713198.0,1897380,0.0,4028.43922727641,4157.022311185128,-1
2012-06-29 09:00:00+08:06,panzhen,4078.0,4068.0,4084.0,4040.0,676846.0,4215830,0.0,4036.5038819196866,4152.7268873110825,-1
2012-07-02 09:00:00+08:06,kongtou,4083.0,4044.0,4088.0,4028.0,751256.0,3982560,0.0,4040.127514064032,4150.487870551353,-1
2012-07-03 09:00:00+08:06,kongtou,4041.0,4078.0,4085.0,4032.0,658896.0,3267880,0.0,4046.308467393942,4147.4607633752885,-1
2012-07-04 09:00:00+08:06,panzhen,4082.0,4089.0,4099.0,4062.0,651698.0,3201270,0.0,4046.308467393942,4147.4607633752885,-1
2012-07-05 09:00:00+08:06,panzhen,4084.0,4094.0,4099.0,4076.0,642628.0,2250250,0.0,4046.01565883472,4146.138187319126,-1
2012-07-06 09:00:00+08:06,panzhen,4095.0,4089.0,4099.0,4078.0,627244.0,1418210,0.0,4045.546446707353,4145.761245600339,-1
2012-07-09 09:00:00+08:06,kongtou,4045.0,4013.0,4045.0,4002.0,413740.0,1578860,0.0,4032.9846698513556,4151.39994553326,-1
2012-07-10 09:00:00+08:06,kongtou,4017.0,3940.0,4018.0,3938.0,604116.0,4213680,0.0,4003.0103802861054,4169.451158175432,-1
2012-07-11 09:00:00+08:06,kongtou,3929.0,3928.0,3949.0,3907.0,680042.0,4423930,0.0,3980.8201536781335,4183.564461706482,-1
2012-07-12 09:00:00+08:06,kongtou,3930.0,3919.0,3939.0,3896.0,713406.0,3683420,0.0,3956.63245779808,4195.059849894228,-1
2012-07-13 09:00:00+08:06,kongtou,3920.0,3941.0,3942.0,3902.0,675720.0,3153920,0.0,3940.251610419309,4199.517620349921,-1
2012-07-16 09:00:00+08:06,kongtou,3939.0,3889.0,3941.0,3882.0,825206.0,4933840,0.0,3915.366255297439,4208.018360087177,-1
2012-07-17 09:00:00+08:06,kongtou,3885.0,3861.0,3888.0,3846.0,837088.0,3763410,0.0,3888.128512191649,4216.256103192966,-1
2012-07-18 09:00:00+08:06,kongtou,3852.0,3864.0,3874.0,3843.0,822178.0,4175110,0.0,3865.603122912881,4218.858415548657,-1
2012-07-19 09:00:00+08:06,kongtou,3860.0,3825.0,3869.0,3819.0,886826.0,4838640,0.0,3838.0142584120144,4225.293433895678,-1
2012-07-20 09:00:00+08:06,kongtou,3822.0,3750.0,3822.0,3747.0,991670.0,5795930,0.0,3798.5561569845154,4237.674612246254,-1
2012-07-23 09:00:00+08:06,kongtou,3700.0,3694.0,3721.0,3652.0,899612.0,6138800,0.0,3753.026999360995,4251.203769869775,-1
2012-07-24 09:00:00+08:06,kongtou,3695.0,3709.0,3730.0,3679.0,967980.0,6303000,0.0,3717.82332482391,4254.638213637629,-1
2012-07-25 09:00:00+08:06,kongtou,3685.0,3703.0,3737.0,3684.0,933194.0,7027490,0.0,3686.6953691679078,4252.996938524399,-1
2012-07-26 09:00:00+08:06,kongtou,3713.0,3719.0,3730.0,3697.0,925746.0,4949270,0.0,3662.433176674021,4245.951438710595,-1
2012-07-27 09:00:00+08:06,kongtou,3726.0,3762.0,3768.0,3720.0,925732.0,5187240,0.0,3648.9135482280467,4230.163374848877,-1
2012-07-30 09:00:00+08:06,kongtou,3769.0,3757.0,3776.0,3733.0,944776.0,5063240,0.0,3635.967574310194,4215.340117997499,-1
2012-07-31 09:00:00+08:06,kongtou,3770.0,3772.0,3782.0,3760.0,916736.0,3839280,0.0,3626.7152779817793,4198.823183556682,-1
2012-08-01 09:00:00+08:06,kongtou,3765.0,3703.0,3765.0,3698.0,1031552.0,8390800,0.0,3609.1581341792576,4187.688019666896,-1
2012-08-02 09:00:00+08:06,kongtou,3696.0,3670.0,3696.0,3663.0,1070120.0,6172630,-48.0,3588.9940086660754,4177.621375949309,-1
2012-08-03 09:00:00+08:06,kongtou,3641.0,3672.0,3687.0,3631.0,1046092.0,6220480,-48.0,3573.7868953980733,4161.059258448081,-1
2012-08-06 09:00:00+08:06,kongtou,3675.0,3682.0,3698.0,3650.0,1110756.0,6954650,-48.0,3561.990156965553,4143.163689188293,-1
2012-08-07 09:00:00+08:06,kongtou,3679.0,3687.0,3687.0,3666.0,1110332.0,3662630,-48.0,3552.0239401866775,4125.66836750563,-1
2012-08-08 09:00:00+08:06,kongtou,3690.0,3667.0,3691.0,3663.0,1138444.0,3825570,-48.0,3545.5289436037033,4100.54797947322,-1
2012-08-09 09:00:00+08:06,kongtou,3666.0,3691.0,3692.0,3666.0,1116080.0,3836880,-48.0,3547.204344944316,4068.2571935172223,-1
2012-08-10 09:00:00+08:06,kongtou,3685.0,3721.0,3727.0,3682.0,1108132.0,7000450,0.0,3557.5873902929043,4029.181840476326,-1
2012-08-13 09:00:00+08:06,kongtou,3720.0,3683.0,3733.0,3679.0,1128142.0,5393400,0.0,3570.2718293454304,3985.2666321930315,-1
2012-08-14 09:00:00+08:06,kongtou,3685.0,3666.0,3695.0,3656.0,1104328.0,6871120,0.0,3575.3417569516923,3953.504396894462,-1
2012-08-15 09:00:00+08:06,kongtou,3659.0,3669.0,3688.0,3646.0,1125980.0,6330020,-64.0,3575.1833771278966,3932.8166228721034,-1
2012-08-16 09:00:00+08:06,kongtou,3666.0,3659.0,3673.0,3655.0,1169666.0,3643740,-64.0,3575.4937188871163,3911.813973420576,-1
2012-08-17 09:00:00+08:06,kongtou,3664.0,3626.0,3670.0,3614.0,1316468.0,7944310,-64.0,3573.7364056945235,3891.032825074707,-1
2012-08-20 09:00:00+08:06,kongtou,3625.0,3607.0,3628.0,3599.0,1329060.0,5047860,-64.0,3577.297895249411,3861.779027827512,-1
2012-08-21 09:00:00+08:06,kongtou,3597.0,3591.0,3602.0,3578.0,1331784.0,5031650,-64.0,3574.5451082830837,3841.608737870762,-1
2012-08-22 09:00:00+08:06,kongtou,3590.0,3557.0,3611.0,3555.0,1366848.0,5975090,-64.0,3565.2451395194776,3827.524091249753,-1
2012-08-23 09:00:00+08:06,kongtou,3559.0,3542.0,3568.0,3519.0,1412890.0,8714480,-64.0,3557.7913814962862,3810.2086185037138,-1
2012-08-24 09:00:00+08:06,kongtou,3527.0,3509.0,3532.0,3507.0,1407854.0,5721110,-64.0,3541.4978720921904,3802.1944356001172,-1
2012-08-27 09:00:00+08:06,kongtou,3506.0,3513.0,3524.0,3492.0,1404416.0,6947760,-64.0,3522.729057491416,3802.732480970122,-1
2012-08-28 09:00:00+08:06,kongtou,3499.0,3455.0,3499.0,3455.0,1503702.0,7942770,-64.0,3493.0677781203176,3814.0091449566053,-1
2012-08-29 09:00:00+08:06,kongtou,3450.0,3443.0,3452.0,3328.0,1414494.0,21243150,-64.0,3465.3234499362443,3821.2919346791405,-1
2012-08-30 09:00:00+08:06,kongtou,3434.0,3437.0,3452.0,3381.0,1501790.0,18212430,-64.0,3440.0492860944005,3826.1045600594452,-1
2012-08-31 09:00:00+08:06,kongtou,3428.0,3411.0,3429.0,3403.0,1483790.0,6618100,-64.0,3413.505130879571,3828.956407581967,-1
2012-09-03 09:00:00+08:06,kongtou,3390.0,3351.0,3390.0,3350.0,1570730.0,11626010,-64.0,3381.065413923265,3829.780739922889,-1
2012-09-04 09:00:00+08:06,kongtou,3331.0,3282.0,3339.0,3276.0,1624078.0,15483130,-64.0,3339.0423995399774,3835.265292767715,-1
2012-09-05 09:00:00+08:06,kongtou,3270.0,3228.0,3303.0,3218.0,1730492.0,17328310,-64.0,3293.4737301522714,3838.9878083092667,-1
2012-09-06 09:00:00+08:06,kongtou,3217.0,3271.0,3287.0,3206.0,1694804.0,22802080,-64.0,3260.092128250153,3839.1386409806164,-1
2012-09-07 09:00:00+08:06,kongtou,3269.0,3406.0,3406.0,3264.0,1364242.0,29524970,-64.0,3249.022491092424,3829.900585830653,-1
2012-09-10 09:00:00+08:06,kongtou,3433.0,3497.0,3508.0,3408.0,1379270.0,30067570,-64.0,3246.8138594651014,3818.6476789964368,-1
2012-09-11 09:00:00+08:06,kongtou,3492.0,3461.0,3496.0,3436.0,1310058.0,25471020,-64.0,3243.4761226126993,3804.985415848839,-1
2012-09-12 09:00:00+08:06,kongtou,3451.0,3457.0,3505.0,3433.0,1339758.0,28242910,-64.0,3241.2868916980156,3789.482339071215,-1
2012-09-13 09:00:00+08:06,kongtou,3450.0,3455.0,3478.0,3434.0,1247188.0,16455440,-64.0,3239.111216279931,3775.350322181607,-1
2012-09-14 09:00:00+08:06,panzhen,3520.0,3561.0,3616.0,3516.0,1216626.0,19699460,0.0,3243.3150967739066,3761.1464416876315,-1
2012-09-17 09:00:00+08:06,panzhen,3538.0,3554.0,3570.0,3509.0,1315204.0,20285380,0.0,3251.0189172817572,3740.5964673336275,-1
2012-09-18 09:00:00+08:06,panzhen,3530.0,3582.0,3598.0,3530.0,1246998.0,16906260,0.0,3256.098550843653,3727.7476030025014,-1
2012-09-19 09:00:00+08:06,panzhen,3590.0,3638.0,3638.0,3584.0,1369624.0,17273840,0.0,3257.973991948303,3723.7183157440045,-1
2012-09-20 09:00:00+08:06,panzhen,3620.0,3483.0,3636.0,3478.0,1489836.0,29728920,0.0,3261.9913523279397,3705.3932630566756,-1
2012-09-21 09:00:00+08:06,panzhen,3496.0,3477.0,3502.0,3437.0,1432492.0,27952610,0.0,3266.3733051265826,3687.0113102580326,-1
2012-09-24 09:00:00+08:06,panzhen,3472.0,3543.0,3559.0,3457.0,1314338.0,22257510,0.0,3269.931640663192,3677.068359336808,-1
2012-09-25 09:00:00+08:06,panzhen,3558.0,3547.0,3587.0,3531.0,1235604.0,21732740,0.0,3272.4260984987886,3669.9585168858266,-1
2012-09-26 09:00:00+08:06,panzhen,3531.0,3527.0,3570.0,3503.0,1110218.0,19864820,0.0,3274.4252542907625,3663.0362841707756,-1
2012-09-27 09:00:00+08:06,panzhen,3516.0,3568.0,3636.0,3512.0,974894.0,13175150,0.0,3274.035190098546,3664.2725022091463,-1
2012-09-28 09:00:00+08:06,panzhen,3578.0,3597.0,3599.0,3549.0,875432.0,7853960,0.0,3271.891307685922,3670.6471538525398,-1
2012-10-08 09:00:00+08:06,panzhen,3642.0,3656.0,3668.0,3633.0,927702.0,10248020,0.0,3265.606381978904,3688.23977186725,-1
2012-10-09 09:00:00+08:06,panzhen,3680.0,3667.0,3685.0,3648.0,972650.0,11401380,0.0,3259.524590377557,3706.1677173147505,-1
2012-10-10 09:00:00+08:06,panzhen,3657.0,3682.0,3699.0,3640.0,1034882.0,12165810,0.0,3255.8860087407948,3727.267837413051,-1
2012-10-11 09:00:00+08:06,panzhen,3662.0,3634.0,3674.0,3612.0,1063166.0,11751800,0.0,3257.900305527192,3739.9458483189624,-1
2012-10-12 09:00:00+08:06,panzhen,3638.0,3639.0,3671.0,3617.0,1010092.0,9624180,0.0,3261.17384889649,3752.210766488125,-1
2012-10-15 09:00:00+08:06,panzhen,3602.0,3582.0,3631.0,3569.0,983264.0,9491090,0.0,3269.1995322168086,3757.3389293216533,-1
2012-10-16 09:00:00+08:06,panzhen,3585.0,3611.0,3614.0,3563.0,898022.0,7005880,0.0,3285.3858995122173,3761.1525620262446,-1
2012-10-17 09:00:00+08:06,panzhen,3590.0,3657.0,3666.0,3563.0,623578.0,9553330,0.0,3315.088990811373,3760.295624573242,-1
2012-10-18 09:00:00+08:06,panzhen,3670.0,3675.0,3685.0,3656.0,646686.0,5697960,0.0,3363.795166395931,3745.9740643732994,-1
2012-10-19 09:00:00+08:06,panzhen,3678.0,3651.0,3683.0,3634.0,654286.0,7014330,0.0,3412.390288210869,3726.609711789131,-1
2012-10-22 09:00:00+08:06,duotou,3640.0,3732.0,3733.0,3625.0,887768.0,12077120,0.0,3427.104747901622,3736.972175175301,-1
2012-10-23 09:00:00+08:06,duotou,3733.0,3660.0,3746.0,3653.0,807508.0,16374750,0.0,3434.4578461981746,3742.15753841721,-1
2012-10-24 09:00:00+08:06,duotou,3653.0,3684.0,3693.0,3648.0,817404.0,12529480,0.0,3447.583343379025,3746.1858873902056,-1
2012-10-25 09:00:00+08:06,duotou,3680.0,3679.0,3696.0,3653.0,863754.0,11975120,0.0,3463.909094926297,3746.9370589198575,-1
2012-10-26 09:00:00+08:06,duotou,3674.0,3683.0,3702.0,3656.0,834678.0,13521400,0.0,3483.1831838400135,3745.2014315446017,-1
2012-10-29 09:00:00+08:06,duotou,3686.0,3619.0,3696.0,3616.0,1001290.0,14161870,0.0,3487.1491601334606,3745.6969937126937,-1
2012-10-30 09:00:00+08:06,panzhen,3615.0,3628.0,3640.0,3608.0,969376.0,8430340,0.0,3492.381566711869,3746.156894826593,-1
2012-10-31 09:00:00+08:06,panzhen,3630.0,3634.0,3637.0,3589.0,977100.0,12739100,0.0,3495.1574882643304,3747.3809732741315,-1
2012-11-01 09:00:00+08:06,panzhen,3634.0,3679.0,3689.0,3626.0,949778.0,10981880,0.0,3494.9246727515288,3750.767634940779,-1
2012-11-02 09:00:00+08:06,panzhen,3675.0,3676.0,3695.0,3654.0,947470.0,10874600,0.0,3513.7814530118444,3746.7570085266175,-1
2012-11-05 09:00:00+08:06,panzhen,3655.0,3641.0,3674.0,3618.0,991722.0,12616360,0.0,3537.5117959721324,3735.6420501817133,-1
2012-11-06 09:00:00+08:06,panzhen,3650.0,3642.0,3658.0,3621.0,998532.0,9877650,0.0,3548.660821100478,3732.1084096687523,-1
2012-11-07 09:00:00+08:06,panzhen,3648.0,3634.0,3657.0,3625.0,1075158.0,10174520,0.0,3559.8672212819883,3727.5943171795498,-1
2012-11-08 09:00:00+08:06,panzhen,3605.0,3627.0,3637.0,3596.0,1059268.0,8496460,0.0,3577.429445295777,3717.7244008580687,-1
2012-11-09 09:00:00+08:06,panzhen,3635.0,3640.0,3672.0,3628.0,1070130.0,11643010,0.0,3587.6995447348995,3712.992762957408,-1
2012-11-12 09:00:00+08:06,panzhen,3631.0,3666.0,3676.0,3621.0,1085660.0,11607320,0.0,3593.8704160990096,3712.1295839009904,-1
2012-11-13 09:00:00+08:06,panzhen,3660.0,3649.0,3670.0,3641.0,1060402.0,8421820,0.0,3593.594530979106,3711.867007482432,-1
2012-11-14 09:00:00+08:06,panzhen,3654.0,3642.0,3657.0,3627.0,1052238.0,7314770,0.0,3592.779511476411,3710.758950062051,-1
2012-11-15 09:00:00+08:06,panzhen,3635.0,3644.0,3661.0,3633.0,1057280.0,7336710,0.0,3592.515573519103,3708.099811096282,-1
2012-11-16 09:00:00+08:06,panzhen,3643.0,3643.0,3658.0,3635.0,1002998.0,5225480,0.0,3593.149485629705,3708.1582066779874,-1
2012-11-19 09:00:00+08:06,kongtou,3637.0,3544.0,3638.0,3542.0,1409880.0,16234770,0.0,3576.413446475523,3717.586553524477,-1
2012-11-20 09:00:00+08:06,kongtou,3555.0,3552.0,3565.0,3540.0,1344640.0,9493060,0.0,3570.2445822147993,3721.4477254775084,-1
2012-11-21 09:00:00+08:06,kongtou,3555.0,3570.0,3579.0,3551.0,1254238.0,7245650,0.0,3564.245085004855,3724.293376533607,-1
2012-11-22 09:00:00+08:06,kongtou,3568.0,3564.0,3570.0,3533.0,1259764.0,11534150,0.0,3555.141118821774,3726.2434965628413,-1
2012-11-23 09:00:00+08:06,kongtou,3557.0,3571.0,3577.0,3552.0,1194220.0,6753790,0.0,3548.254986592481,3725.129628792134,-1
2012-11-26 09:00:00+08:06,kongtou,3560.0,3553.0,3567.0,3545.0,1214056.0,6551290,0.0,3539.0591441809584,3726.787009665196,-1
2012-11-27 09:00:00+08:06,kongtou,3551.0,3537.0,3555.0,3521.0,1255278.0,10061900,0.0,3533.277417854399,3717.568735991755,-1
2012-11-28 09:00:00+08:06,kongtou,3530.0,3525.0,3541.0,3524.0,1279238.0,5980130,0.0,3521.4858644861633,3718.975673975375,-1
2012-11-29 09:00:00+08:06,kongtou,3520.0,3468.0,3521.0,3467.0,1448140.0,11608900,0.0,3500.5043613609896,3723.3417924851647,-1
2012-11-30 09:00:00+08:06,kongtou,3476.0,3495.0,3495.0,3464.0,1352618.0,11442400,0.0,3488.1207135926675,3721.57159409964,-1
2012-12-03 09:00:00+08:06,kongtou,3487.0,3551.0,3568.0,3486.0,1257752.0,10738800,0.0,3485.628551453967,3713.909910084495,-1
2012-12-04 09:00:00+08:06,kongtou,3546.0,3562.0,3569.0,3536.0,1226182.0,7831490,0.0,3482.810038176162,3712.343807977684,-1
2012-12-05 09:00:00+08:06,panzhen,3565.0,3619.0,3632.0,3554.0,1240148.0,13175460,0.0,3482.779156757911,3711.682381703627,-1
2012-12-06 09:00:00+08:06,panzhen,3621.0,3595.0,3635.0,3582.0,1244484.0,11075520,0.0,3482.2277259746284,3709.2338124869098,-1
2012-12-07 09:00:00+08:06,panzhen,3595.0,3656.0,3657.0,3590.0,1361540.0,13676970,0.0,3483.617086937173,3706.0752207551345,-1
2012-12-10 09:00:00+08:06,duotou,3666.0,3679.0,3707.0,3664.0,1332976.0,11547340,0.0,3483.3902700767503,3706.532806846327,-1
2012-12-11 09:00:00+08:06,duotou,3673.0,3664.0,3690.0,3653.0,1344042.0,10511450,0.0,3482.478552575975,3709.213755116333,-1
2012-12-12 09:00:00+08:06,duotou,3664.0,3691.0,3703.0,3655.0,1477650.0,14484750,0.0,3479.8187320135407,3715.6428064479974,-1
2012-12-13 09:00:00+08:06,duotou,3695.0,3684.0,3701.0,3668.0,1423328.0,10654880,0.0,3477.8710100413846,3721.436682266308,-1
2012-12-14 09:00:00+08:06,duotou,3683.0,3786.0,3790.0,3677.0,1486718.0,17686540,0.0,3464.671002363721,3746.867459174741,-1
2012-12-17 09:00:00+08:06,duotou,3788.0,3812.0,3836.0,3780.0,1412708.0,13178730,0.0,3450.8400733744847,3773.9291573947457,-1
2012-12-18 09:00:00+08:06,duotou,3816.0,3819.0,3841.0,3790.0,1420642.0,16197670,0.0,3439.150398110535,3797.3880634279267,-1
2012-12-19 09:00:00+08:06,duotou,3812.0,3818.0,3827.0,3793.0,1462176.0,13757330,0.0,3430.0731696559824,3819.4652918824795,-1
2012-12-20 09:00:00+08:06,duotou,3813.0,3789.0,3822.0,3764.0,1421808.0,15185110,0.0,3425.770896888538,3835.075256957616,-1
2012-12-21 09:00:00+08:06,duotou,3779.0,3793.0,3832.0,3772.0,1353428.0,13011450,0.0,3422.1698839167966,3850.1378083908958,-1
2012-12-24 09:00:00+08:06,duotou,3783.0,3790.0,3796.0,3770.0,1365516.0,8076630,0.0,3419.782039437251,3863.8333451781336,-1
2012-12-25 09:00:00+08:06,duotou,3785.0,3873.0,3885.0,3780.0,1384046.0,18706410,46.0,3419.076269483061,3889.846807440016,1
2012-12-26 09:00:00+08:06,duotou,3870.0,3878.0,3882.0,3862.0,1332364.0,8887320,46.0,3420.322384165389,3913.677615834611,1
2012-12-27 09:00:00+08:06,duotou,3895.0,3869.0,3957.0,3858.0,1178716.0,16852030,46.0,3423.2533621105895,3933.7466378894105,1
2012-12-28 09:00:00+08:06,duotou,3870.0,3916.0,3916.0,3869.0,1161322.0,9924340,46.0,3425.432742418519,3958.644180658404,1
2012-12-31 09:00:00+08:06,duotou,3921.0,3988.0,3993.0,3916.0,1120288.0,12019360,46.0,3422.995060028681,3993.1587861251646,1
2013-01-04 09:00:00+08:06,duotou,4004.0,3990.0,4017.0,3966.0,1208310.0,10717920,46.0,3427.1101385514544,4022.659092217776,1
2013-01-07 09:00:00+08:06,duotou,4029.0,4004.0,4047.0,3994.0,1391856.0,14482420,46.0,3436.3600179781665,4049.332289714141,1
2013-01-08 09:00:00+08:06,duotou,4014.0,4010.0,4020.0,3969.0,1372826.0,12619470,46.0,3451.304900103177,4071.695099896823,1
2013-01-09 09:00:00+08:06,duotou,4009.0,3998.0,4014.0,3976.0,1368910.0,11044030,46.0,3482.032689403142,4081.7365413660887,1
2013-01-10 09:00:00+08:06,duotou,3994.0,4020.0,4030.0,3982.0,1431692.0,14427540,46.0,3511.661346530842,4092.492499623004,1
2013-01-11 09:00:00+08:06,duotou,4022.0,3925.0,4028.0,3918.0,1280732.0,15931010,46.0,3540.5271924413187,4092.3958844817585,1
2013-01-14 09:00:00+08:06,duotou,3930.0,4004.0,4025.0,3894.0,1342386.0,19424540,46.0,3568.0693869520446,4098.8536899710325,1
2013-01-15 09:00:00+08:06,duotou,4005.0,3977.0,4012.0,3969.0,1356304.0,12173950,46.0,3590.777260058309,4103.68427840323,1
2013-01-16 09:00:00+08:06,duotou,3965.0,3934.0,3966.0,3896.0,1325568.0,13482010,46.0,3622.6583286026894,4097.880132935773,1
2013-01-17 09:00:00+08:06,duotou,3930.0,3946.0,3948.0,3899.0,1307512.0,12207870,46.0,3646.317171538414,4096.52898230774,1
2013-01-18 09:00:00+08:06,duotou,3960.0,4002.0,4004.0,3952.0,1286920.0,11733390,46.0,3667.092701344003,4100.599606348304,1
2013-01-21 09:00:00+08:06,duotou,3991.0,3965.0,4011.0,3962.0,1305804.0,11866770,46.0,3695.3644908293604,4095.481663016794,1
2013-01-22 09:00:00+08:06,duotou,3969.0,3987.0,3990.0,3946.0,1304862.0,11496340,46.0,3721.4265720087083,4092.1888126066765,1
2013-01-23 09:00:00+08:06,duotou,3990.0,4053.0,4055.0,3980.0,1479668.0,13493000,90.0,3750.087516772239,4091.912483227761,1
2013-01-24 09:00:00+08:06,duotou,4053.0,4032.0,4067.0,3998.0,1433814.0,18506490,90.0,3763.2948958843585,4097.628181038718,1
2013-01-25 09:00:00+08:06,duotou,4040.0,4076.0,4085.0,4035.0,1579068.0,17706480,90.0,3771.4053858900156,4109.825383340753,1
2013-01-28 09:00:00+08:06,duotou,4075.0,4068.0,4080.0,4056.0,1430354.0,9215740,90.0,3781.4138737520857,4118.970741632529,1
2013-01-29 09:00:00+08:06,duotou,4061.0,4069.0,4075.0,4043.0,1395986.0,8456300,90.0,3793.724148350017,4125.96815934229,1
2013-01-30 09:00:00+08:06,duotou,4071.0,4114.0,4131.0,4071.0,1437552.0,11615190,90.0,3810.6770308651635,4134.015276827144,1
2013-01-31 09:00:00+08:06,duotou,4126.0,4127.0,4130.0,4100.0,1332500.0,7350140,90.0,3829.60308596676,4140.781529417855,1
2013-02-01 09:00:00+08:06,duotou,4121.0,4168.0,4170.0,4111.0,1376852.0,10543310,90.0,3849.2570989631877,4150.20443949835,1
2013-02-04 09:00:00+08:06,duotou,4179.0,4221.0,4235.0,4175.0,1213904.0,7788300,90.0,3848.8376395773425,4177.393129653427,1
2013-02-05 09:00:00+08:06,duotou,4201.0,4140.0,4205.0,4118.0,918566.0,10086550,90.0,3861.1761458861665,4185.208469498449,1
2013-02-06 09:00:00+08:06,duotou,4150.0,4109.0,4151.0,4094.0,832292.0,5700780,90.0,3879.506636113694,4185.33951773246,1
2013-02-07 09:00:00+08:06,duotou,4200.0,4254.0,4272.0,4191.0,586476.0,7542480,118.0,3877.5676692955312,4213.278484550623,1
2013-02-08 09:00:00+08:06,duotou,4249.0,4275.0,4296.0,4244.0,625286.0,6152730,118.0,3868.607068791151,4244.3160081319265,1
2013-02-18 09:00:00+08:06,duotou,4280.0,4173.0,4288.0,4166.0,684774.0,8559630,118.0,3872.447651152884,4254.552348847115,1
2013-02-19 09:00:00+08:06,duotou,4176.0,4186.0,4215.0,4170.0,824122.0,11175870,118.0,3875.3872121054083,4265.612787894592,1
2013-02-20 09:00:00+08:06,duotou,4186.0,4171.0,4204.0,4153.0,937888.0,12440600,118.0,3879.445278481338,4273.939336903278,1
2013-02-21 09:00:00+08:06,panzhen,4150.0,4085.0,4157.0,4049.0,930782.0,18439600,0.0,3885.3090786904127,4274.76784438651,1
2013-02-22 09:00:00+08:06,panzhen,4070.0,4036.0,4085.0,4028.0,896062.0,11021520,0.0,3886.587289523472,4274.72040278422,1
2013-02-25 09:00:00+08:06,panzhen,4040.0,4016.0,4049.0,3998.0,1013830.0,12272840,0.0,3898.335330633841,4269.972361673852,1
2013-02-26 09:00:00+08:06,panzhen,3981.0,3956.0,4029.0,3952.0,1008308.0,12776970,0.0,3892.4309960985306,4272.184388516855,1
2013-02-27 09:00:00+08:06,panzhen,3970.0,3985.0,4012.0,3950.0,1050706.0,15946780,0.0,3893.3974988751197,4271.83327035565,1
2013-02-28 09:00:00+08:06,panzhen,3990.0,4053.0,4065.0,3990.0,1054902.0,14253070,0.0,3907.0350949536064,4267.349520431009,1
2013-03-01 09:00:00+08:06,panzhen,4042.0,4020.0,4047.0,3962.0,1082892.0,16779830,0.0,3916.683795501789,4263.393127575134,1
2013-03-04 09:00:00+08:06,kongtou,3975.0,3905.0,3988.0,3886.0,1059834.0,19248550,0.0,3901.7235282809106,4270.891856334474,1
2013-03-05 09:00:00+08:06,kongtou,3916.0,3939.0,3948.0,3891.0,1037108.0,12907440,0.0,3897.8462958871964,4272.769088728189,1
2013-03-06 09:00:00+08:06,kongtou,3940.0,3937.0,3966.0,3912.0,982080.0,14494810,0.0,3890.96833834796,4275.80089242127,1
2013-03-07 09:00:00+08:06,kongtou,3937.0,3932.0,3950.0,3917.0,1072756.0,14826100,0.0,3877.9296370761795,4279.531901385359,1
2013-03-08 09:00:00+08:06,kongtou,3954.0,3928.0,3961.0,3890.0,1092024.0,16405420,0.0,3866.3645548630147,4283.096983598523,1
2013-03-11 09:00:00+08:06,kongtou,3910.0,3908.0,3938.0,3868.0,1133562.0,16689370,0.0,3850.2646029480075,4286.273858590454,1
2013-03-12 09:00:00+08:06,kongtou,3903.0,3892.0,3924.0,3873.0,1171904.0,15344800,0.0,3833.195715866198,4289.804284133802,1
2013-03-13 09:00:00+08:06,kongtou,3897.0,3833.0,3899.0,3820.0,1366146.0,17504610,0.0,3807.847354449106,4296.998799397048,1
2013-03-14 09:00:00+08:06,kongtou,3822.0,3765.0,3824.0,3742.0,1364686.0,20023740,0.0,3772.1240564779805,4305.875943522019,1
2013-03-15 09:00:00+08:06,kongtou,3771.0,3860.0,3917.0,3766.0,1271742.0,25133630,0.0,3755.7125631924073,4301.748975269131,1
2013-03-18 09:00:00+08:06,kongtou,3833.0,3829.0,3863.0,3785.0,1195436.0,17885100,0.0,3738.181521079618,4293.203094304997,1
2013-03-19 09:00:00+08:06,kongtou,3830.0,3843.0,3849.0,3819.0,1204186.0,11015460,0.0,3728.628509402193,4273.6791829055,1
2013-03-20 09:00:00+08:06,kongtou,3820.0,3869.0,3885.0,3820.0,1220062.0,13127580,0.0,3719.517791499339,4261.943746962199,1
2013-03-21 09:00:00+08:06,kongtou,3885.0,3902.0,3928.0,3873.0,1297650.0,16768770,0.0,3713.7669101087913,4251.771551429671,1
2013-03-22 09:00:00+08:06,kongtou,3886.0,3878.0,3920.0,3875.0,1256686.0,11551490,0.0,3719.517530969487,4217.097853645898,1
2013-03-25 09:00:00+08:06,kongtou,3883.0,3912.0,3926.0,3883.0,1326226.0,13302820,0.0,3737.242887167897,4171.44942052441,1
2013-03-26 09:00:00+08:06,kongtou,3905.0,3882.0,3945.0,3864.0,1350068.0,16239940,0.0,3742.947266451235,4143.360425856457,1
2013-03-27 09:00:00+08:06,kongtou,3892.0,3889.0,3916.0,3880.0,1359820.0,12287340,0.0,3755.836082476435,4107.625455985103,1
2013-03-28 09:00:00+08:06,kongtou,3900.0,3824.0,3907.0,3814.0,1322634.0,17806180,-48.0,3766.0549355420085,4070.714295227222,-1
2013-03-29 09:00:00+08:06,kongtou,3788.0,3810.0,3839.0,3768.0,1236224.0,15090350,-48.0,3765.353360374986,4050.2620242403987,-1
2013-04-01 09:00:00+08:06,kongtou,3793.0,3723.0,3797.0,3711.0,1306514.0,17711970,-48.0,3745.9700752901504,4045.5683862483115,-1
2013-04-02 09:00:00+08:06,kongtou,3735.0,3769.0,3773.0,3705.0,1270064.0,17693860,-48.0,3736.846178596207,4035.6922829422547,-1
2013-04-03 09:00:00+08:06,kongtou,3760.0,3798.0,3819.0,3754.0,1213050.0,16925440,-48.0,3729.759067471558,4030.6255479130573,-1
2013-04-08 09:00:00+08:06,kongtou,3794.0,3835.0,3845.0,3767.0,1234734.0,15298870,-48.0,3729.0914422950136,4019.7547115511406,-1
2013-04-09 09:00:00+08:06,kongtou,3845.0,3847.0,3861.0,3820.0,1266528.0,14737710,-48.0,3739.693970053597,3993.306029946403,-1
2013-04-10 09:00:00+08:06,kongtou,3859.0,3847.0,3860.0,3823.0,1263392.0,11948760,-48.0,3748.77764787913,3970.9146598131774,-1
2013-04-11 09:00:00+08:06,panzhen,3845.0,3825.0,3888.0,3825.0,1305330.0,16365860,0.0,3746.444803329332,3967.09365820913,-1
2013-04-12 09:00:00+08:06,panzhen,3825.0,3838.0,3843.0,3814.0,1303604.0,14980750,0.0,3747.4093876358834,3958.359843133347,-1
2013-04-15 09:00:00+08:06,kongtou,3800.0,3738.0,3803.0,3711.0,1343486.0,19938840,-30.0,3736.452508262994,3954.009030198544,-1
2013-04-16 09:00:00+08:06,kongtou,3680.0,3750.0,3763.0,3665.0,1246650.0,18838430,-30.0,3729.264567424424,3947.196971037114,-1
2013-04-17 09:00:00+08:06,kongtou,3766.0,3699.0,3775.0,3678.0,1385760.0,22641170,-30.0,3714.0718766333816,3944.7742772127726,-1
2013-04-18 09:00:00+08:06,kongtou,3621.0,3651.0,3685.0,3600.0,1309182.0,23952820,-30.0,3689.6814623559235,3949.3954607209994,-1
2013-04-19 09:00:00+08:06,kongtou,3667.0,3686.0,3696.0,3640.0,1237650.0,16860870,-30.0,3675.4265147176725,3947.804254513097,-1
2013-04-22 09:00:00+08:06,kongtou,3703.0,3647.0,3717.0,3644.0,1316448.0,14613690,-30.0,3654.6573269881956,3954.2657499348816,-1
2013-04-23 09:00:00+08:06,kongtou,3653.0,3600.0,3664.0,3584.0,1419388.0,17609040,-30.0,3629.378605602297,3966.8521636284727,-1
2013-04-24 09:00:00+08:06,kongtou,3604.0,3645.0,3683.0,3578.0,1386522.0,21209260,-30.0,3613.165048411095,3966.5272592812125,-1
2013-04-25 09:00:00+08:06,kongtou,3646.0,3648.0,3669.0,3626.0,1354752.0,11981650,-30.0,3598.8141214276343,3966.955109341596,-1
2013-04-26 09:00:00+08:06,kongtou,3671.0,3600.0,3683.0,3600.0,1354180.0,14851790,-30.0,3578.289326195766,3968.787596881157,-1
2013-05-02 09:00:00+08:06,kongtou,3550.0,3542.0,3572.0,3530.0,1483374.0,11525420,-73.0,3550.4022241292814,3971.5208527937957,-1
2013-05-03 09:00:00+08:06,kongtou,3552.0,3581.0,3610.0,3546.0,1508334.0,16946380,-73.0,3534.962123520854,3962.2686457099153,-1
2013-05-06 09:00:00+08:06,kongtou,3630.0,3622.0,3649.0,3611.0,1586646.0,13778830,-73.0,3526.281904311115,3951.256557227347,-1
2013-05-07 09:00:00+08:06,kongtou,3614.0,3624.0,3658.0,3600.0,1523294.0,16329500,-73.0,3522.583129087522,3932.801486297093,-1
2013-05-08 09:00:00+08:06,kongtou,3625.0,3669.0,3670.0,3622.0,1506188.0,13602770,-73.0,3522.857998069894,3916.142001930106,-1
2013-05-09 09:00:00+08:06,kongtou,3666.0,3621.0,3672.0,3607.0,1582518.0,14835390,-73.0,3521.267593445199,3897.117021939416,-1
2013-05-10 09:00:00+08:06,kongtou,3610.0,3639.0,3646.0,3588.0,1592226.0,17945580,-73.0,3518.1112715363374,3886.0425746175083,-1
2013-05-13 09:00:00+08:06,kongtou,3630.0,3656.0,3687.0,3623.0,1602764.0,21729620,-30.0,3516.6051021334815,3875.702590174211,-1
2013-05-14 09:00:00+08:06,kongtou,3658.0,3633.0,3668.0,3611.0,1574890.0,17184910,-30.0,3511.8815105072244,3873.503104877391,-1
2013-05-15 09:00:00+08:06,kongtou,3620.0,3554.0,3628.0,3553.0,1799162.0,18091120,-104.0,3498.7283952736307,3870.1177585725236,-1
